Workbook

Sheet Ex-Pump Prices 4th May 2026
B2: NATIONAL PETROLEUM AUTHORITY
B6: EX-PUMP PRICES OF OMCs/LPGMCs AS OF 4th MAY 2026
B8: NO. | C8: COMPANY | D8: REGULAR PETROL - RON 91 (GHS/Lt) | E8: PREMIUM PETROL - RON 95 (GHS/Lt) | F8: DIESEL (GHS/Lt) | G8: LPG (GHS/Kg) | H8: KEROSENE (GHS/Lt) | I8: MGO Local (GHS/Lt)
B9: 1 | C9: Agapet | D9: 14.46 | E9: - | F9: 16.95 | G9: - | H9: - | I9: -
B10: 2 | C10: Aegis huile | D10: 13.5 | E10: - | F10: 17.5 | G10: - | H10: - | I10: -
B11: 3 | C11: Akara Energy | D11: 13.27 | E11: - | F11: 16.1 | G11: - | H11: - | I11: -
B12: 4 | C12: AI Energy | D12: 13.89 | E12: - | F12: 16.99 | G12: - | H12: - | I12: -
B13: 5 | C13: Allied Oil | D13: 13.25 | E13: - | F13: 15.59 | G13: - | H13: - | I13: -
B14: 6 | C14: Alinco | D14: 13.27 | E14: - | F14: 16.1 | G14: - | H14: - | I14: -
B15: 7 | C15: Alive Gas | D15: - | E15: - | F15: - | G15: 16.56 | H15: - | I15: -
B16: 8 | C16: Aminso Energy | D16: 12 | E16: - | F16: 12.58 | G16: - | H16: - | I16: -
B17: 9 | C17: Anasset | D17: - | E17: - | F17: - | G17: 16.7 | H17: - | I17: -
B18: 10 | C18: Andev | D18: - | E18: - | F18: - | G18: 16.76 | H18: - | I18: -
B19: 11 | C19: Annandale | D19: - | E19: - | F19: - | G19: 16.61 | H19: - | I19: -
B20: 12 | C20: Amdaway | D20: 13.27 | E20: - | F20: 16.1 | G20: - | H20: - | I20: -
B21: 13 | C21: Aminaser oil | D21: 13.27 | E21: - | F21: 16.1 | G21: - | H21: - | I21: -
B22: 14 | C22: Ap Oil & Gas | D22: 13.55 | E22: - | F22: 17.4 | G22: - | H22: - | I22: -
B23: 15 | C23: April Oil Ghana | D23: 13.99 | E23: - | F23: 17.7 | G23: - | H23: - | I23: -
B24: 16 | C24: Benab Oil | D24: 13.25 | E24: - | F24: 15.55 | G24: - | H24: - | I24: -
B25: 17 | C25: Baffour Gas | D25: - | E25: - | F25: - | G25: 17.61 | H25: - | I25: -
B26: 18 | C26: Beap Energy | D26: 13.83 | E26: - | F26: 17.04 | G26: - | H26: - | I26: -
B27: 19 | C27: BG Petroleum | D27: 13.85 | E27: - | F27: 16.5 | G27: - | H27: - | I27: -
B28: 20 | C28: Bloom Petroleum | D28: 13.99 | E28: - | F28: 16.99 | G28: - | H28: - | I28: -
B29: 21 | C29: Brogan Energy | D29: 13.57 | E29: - | F29: 15.55 | G29: - | H29: - | I29: -
B30: 22 | C30: Breedlove | D30: 13.27 | E30: - | F30: 16.1 | G30: - | H30: - | I30: -
B31: 23 | C31: Brent Petroleum | D31: 13.46 | E31: - | F31: 15.79 | G31: - | H31: - | I31: -
B32: 24 | C32: Buffallo | D32: 13.39 | E32: - | F32: 13.99 | G32: - | H32: - | I32: -
B33: 25 | C33: Central Brent | D33: - | E33: - | F33: - | G33: 15.96 | H33: - | I33: -
B34: 26 | C34: Cent Eastern | D34: - | E34: - | F34: - | G34: 16.74 | H34: - | I34: -
B35: 27 | C35: Oil Space | D35: - | E35: - | F35: - | G35: 14.84 | H35: - | I35: -
B36: 28 | C36: Coegan | D36: - | E36: - | F36: - | G36: 17.16 | H36: - | I36: -
B37: 29 | C37: Compass Oleum | D37: 13.85 | E37: - | F37: 16.75 | G37: - | H37: - | I37: -
B38: 30 | C38: Crown Petroleum | D38: 13.99 | E38: - | F38: 16.99 | G38: 18.65 | H38: - | I38: -
B39: 31 | C39: Desert oil | D39: 13.49 | E39: - | F39: 16.49 | G39: - | H39: - | I39: -
B40: 32 | C40: Dejon jones Ltd | D40: 14.21 | E40: - | F40: 16.95 | G40: - | H40: - | I40: -
B41: 33 | C41: Davis Petroleum | D41: 13.99 | E41: - | F41: 16.49 | G41: 15.21 | H41: - | I41: -
B42: 34 | C42: Dukes Petroleum | D42: 13.25 | E42: - | F42: 15.8 | G42: 16.06 | H42: - | I42: -
B43: 35 | C43: E. Windstar Petroleum | D43: 13.4 | E43: - | F43: 16.1 | G43: =G9 -> - | H43: - | I43: -
B44: 36 | C44: Eden Petroleum | D44: 13.45 | E44: - | F44: 17.1 | G44: - | H44: - | I44: -
B45: 37 | C45: Essence Energy | D45: 13.5 | E45: - | F45: 16.8 | G45: - | H45: - | I45: -
B46: 38 | C46: Energetic Petro gh | D46: 14.16 | E46: - | F46: 17.3 | G46: 13.117436 | H46: - | I46: -
B47: 39 | C47: Ex Oil | D47: 13.85 | E47: - | F47: 16.75 | G47: - | H47: - | I47: -
B48: 40 | C48: Earth Energy | D48: 13.99 | E48: - | F48: 17.33 | G48: - | H48: - | I48: -
B49: 41 | C49: EV Oil | D49: 13.5 | E49: - | F49: 16.5 | G49: - | H49: - | I49: -
B50: 42 | C50: Eza Petroleum | D50: 14.35 | E50: - | F50: 18.63 | G50: - | H50: - | I50: -
B51: 43 | C51: First Gas | D51: - | E51: - | F51: - | G51: 16.71 | H51: - | I51: -
B52: 44 | C52: Finest Oil | D52: 13.8 | E52: - | F52: 16.59 | G52: - | H52: - | I52: -
B53: 45 | C53: Fraga Oil | D53: 10.42 | E53: - | F53: 11.64 | G53: - | H53: - | I53: -
B54: 46 | C54: Frimps Oil | D54: 13.25 | E54: - | F54: 15.49 | G54: 12.1 | H54: - | I54: -
B55: 47 | C55: Frontier Oil | D55: 13.35 | E55: - | F55: 16.15 | G55: - | H55: - | I55: -
B56: 48 | C56: Gamma Petroleum | D56: 11.45 | E56: - | F56: 11.49 | G56: - | H56: - | I56: -
B57: 49 | C57: GB Oil | D57: 13.7 | E57: - | F57: 17.7 | G57: 12.8878 | H57: - | I57: -
B58: 50 | C58: Gab Energy | D58: 13.3 | E58: - | F58: 16.59 | G58: - | H58: 13.8 | I58: -
B59: 51 | C59: Gaso oil | D59: 13.49 | E59: - | F59: 17.97 | G59: 15.8 | H59: - | I59: -
B60: 52 | C60: Gogas | D60: - | E60: - | F60: - | G60: 17.61 | H60: - | I60: -
B61: 53 | C61: GOIL | D61: 13.25 | E61: 15.77 | F61: 15.53 | G61: 13.12 | H61: - | I61: 11.12
B62: 54 | C62: Goodness Energy | D62: 13.25 | E62: - | F62: 15.49 | G62: - | H62: - | I62: -
B63: 55 | C63: Gowell Energy | D63: 13.27 | E63: - | F63: 16.1 | G63: - | H63: - | I63: -
B64: 56 | C64: Group Trans africana Ltd | D64: 9.96 | E64: - | F64: 11.96 | G64: - | H64: - | I64: -
B65: 57 | C65: Grid Petroleum | D65: 13.99 | E65: - | F65: 16.99 | G65: - | H65: - | I65: -
B66: 58 | C66: Henos Energy | D66: - | E66: - | F66: - | G66: 14.6578 | H66: - | I66: -
B67: 59 | C67: Hills Oil | D67: - | E67: - | F67: - | G67: 16.71 | H67: - | I67: -
B68: 60 | C68: Huss Petroleum | D68: 13.55 | E68: - | F68: 16.1 | G68: - | H68: - | I68: -
B69: 61 | C69: IBM Petroleum | D69: 13.99 | E69: - | F69: 16.75 | G69: - | H69: - | I69: -
B70: 62 | C70: Icon Energy | D70: 13.25 | E70: - | F70: 15.45 | G70: - | H70: - | I70: =-'Ex-Pump Prices 4th May 2026'!J141 -> 0
B71: 63 | C71: Infin | D71: 13.77 | E71: - | F71: 16.4 | G71: 16.81 | H71: - | I71: -
B72: 64 | C72: JD Link | D72: 13.25 | E72: - | F72: 15.55 | G72: 16.56 | H72: - | I72: -
B73: 65 | C73: Joekona | D73: - | E73: - | F73: - | G73: 16.51 | H73: - | I73: -
B74: 66 | C74: Jusbro | D74: 14.23 | E74: - | F74: 16.5 | G74: 16.38 | H74: - | I74: -
B75: 67 | C75: JP Trustee | D75: 13.25 | E75: 14.97 | F75: 14.97 | G75: - | H75: - | I75: -
B76: 68 | C76: Kabore Oil | D76: 13.95 | E76: - | F76: 16.1 | G76: - | H76: - | I76: -
B77: 69 | C77: Kan Royal | D77: 10.5 | E77: - | F77: 11.45 | G77: - | H77: - | I77: -
B78: 70 | C78: Kaysens | D78: - | E78: - | F78: - | G78: 17.03 | H78: - | I78: -
B79: 71 | C79: Koan Petroleum | D79: 13.27 | E79: - | F79: 16.1 | G79: 15.9 | H79: - | I79: -
B80: 72 | C80: KI Energy | D80: - | E80: - | F80: - | G80: 17.83 | H80: - | I80: -
B81: 73 | C81: Kings Energy | D81: 13.27 | E81: - | F81: 16.1 | G81: - | H81: - | I81: -
B82: 74 | C82: Kingsperp Oil Ltd | D82: 10.52 | E82: - | F82: 11.54 | G82: - | H82: - | I82: -
B83: 75 | C83: La Clem | D83: 13.25 | E83: - | F83: 15.45 | G83: - | H83: - | I83: -
B84: 76 | C84: Lamininbee | D84: - | E84: - | F84: - | G84: 17.16 | H84: - | I84: -
B85: 77 | C85: Lambark Gas | D85: - | E85: - | F85: - | G85: 14.5 | H85: - | I85: -
B86: 78 | C86: Liberty Petroleum | D86: 13.99 | E86: - | F86: 16.8 | G86: - | H86: - | I86: -
B87: 79 | C87: Life Energy | D87: 12.5 | E87: - | F87: 14.35 | G87: - | H87: - | I87: -
B88: 80 | C88: Liss Petroleum | D88: 13.92 | E88: - | F88: 17.9 | G88: - | H88: - | I88: 12.46
B89: 81 | C89: Lucky oil | D89: 13.27 | E89: - | F89: 16.1 | G89: 14.84 | H89: - | I89: -
B90: 82 | C90: Mm Energy | D90: 13.66 | E90: - | F90: 17.95 | G90: - | H90: - | I90: -
B91: 83 | C91: Manbah Gas | D91: - | E91: - | F91: - | G91: 16.56 | H91: - | I91: -
B92: 84 | C92: Maxx Energy | D92: 10.36 | E92: - | F92: 11.55 | G92: 15 | H92: - | I92: -
B93: 85 | C93: Mercy Oil | D93: 13.99 | E93: - | F93: 16.89 | G93: - | H93: - | I93: -
B94: 86 | C94: Midas Oil | D94: - | E94: - | F94: - | G94: 16.86 | H94: - | I94: -
B95: 87 | C95: Mighty Gas | D95: - | E95: - | F95: - | G95: 16.72 | H95: - | I95: -
B96: 88 | C96: Misa Energy | D96: 13.89 | F96: 16.69 | G96: 16.48 | H96: 11.84 | I96: -
B97: 89 | C97: Mobik Energy | D97: 13.41 | E97: - | F97: 16.1 | G97: - | H97: - | I97: -
B98: 90 | C98: More Fuel | D98: 13.25 | E98: - | F98: 14.97 | G98: - | H98: - | I98: -
B99: 91 | C99: Naagamni | D99: 13.25 | E99: - | F99: 15.75 | G99: - | H99: - | I99: 11.36
B100: 92 | C100: Nasona | D100: 13.5 | E100: - | F100: 16.1 | G100: - | H100: - | I100: -
B101: 93 | C101: Nexbons | D101: - | E101: - | F101: - | G101: 17.45 | H101: - | I101: -
B102: 94 | C102: Next Petroleum | D102: 13.5 | E102: - | F102: 17.1 | G102: 14.9 | H102: - | I102: -
B103: 95 | C103: Nick Petroleum | D103: 10.65 | E103: - | F103: 11.75 | G103: - | H103: - | I103: -
B104: 96 | C104: NOVA | D104: 13.3 | E104: - | F104: 17.1 | G104: - | H104: - | I104: -
B105: 97 | C105: N3 Limited | D105: 13.9 | E105: - | F105: 15.65 | G105: - | H105: - | I105: -
...

Sheet Ex-Pump Prices 30th April 2026
B2: NATIONAL PETROLEUM AUTHORITY
B6: EX-PUMP PRICES OF OMCs/LPGMCs AS OF 30th APRIL 2026
B8: NO. | C8: COMPANY | D8: REGULAR PETROL - RON 91 (GHS/Lt) | E8: PREMIUM PETROL - RON 95 (GHS/Lt) | F8: DIESEL (GHS/Lt) | G8: LPG (GHS/Kg) | H8: KEROSENE (GHS/Lt) | I8: MGO Local (GHS/Lt)
B9: 1 | C9: Agapet | D9: 14.46 | E9: - | F9: 16.95 | G9: - | H9: - | I9: -
B10: 2 | C10: Aegis huile | D10: 13.5 | E10: - | F10: 17.5 | G10: - | H10: - | I10: -
B11: 3 | C11: Akara Energy | D11: 13.27 | E11: - | F11: 16.1 | G11: - | H11: - | I11: -
B12: 4 | C12: AI Energy | D12: 13.89 | E12: - | F12: 16.99 | G12: - | H12: - | I12: -
B13: 5 | C13: Allied Oil | D13: 13.27 | E13: - | F13: 16.1 | G13: - | H13: - | I13: -
B14: 6 | C14: Alinco | D14: 13.27 | E14: - | F14: 16.1 | G14: - | H14: - | I14: -
B15: 7 | C15: Alive Gas | D15: - | E15: - | F15: - | G15: 16.56 | H15: - | I15: -
B16: 8 | C16: Aminso Energy | D16: 12 | E16: - | F16: 12.58 | G16: - | H16: - | I16: -
B17: 9 | C17: Anasset | D17: - | E17: - | F17: - | G17: 16.7 | H17: - | I17: -
B18: 10 | C18: Andev | D18: - | E18: - | F18: - | G18: 16.76 | H18: - | I18: -
B19: 11 | C19: Annandale | D19: - | E19: - | F19: - | G19: 16.61 | H19: - | I19: -
B20: 12 | C20: Amdaway | D20: 13.27 | E20: - | F20: 16.1 | G20: - | H20: - | I20: -
B21: 13 | C21: Aminaser oil | D21: 13.27 | E21: - | F21: 16.1 | G21: - | H21: - | I21: -
B22: 14 | C22: Ap Oil & Gas | D22: 13.55 | E22: - | F22: 17.4 | G22: - | H22: - | I22: -
B23: 15 | C23: April Oil Ghana | D23: 13.99 | E23: - | F23: 17.7 | G23: - | H23: - | I23: -
B24: 16 | C24: Benab Oil | D24: 13.27 | E24: - | F24: 16.1 | G24: - | H24: - | I24: -
B25: 17 | C25: Baffour Gas | D25: - | E25: - | F25: - | G25: 17.61 | H25: - | I25: -
B26: 18 | C26: Beap Energy | D26: 13.83 | E26: - | F26: 17.04 | G26: - | H26: - | I26: -
B27: 19 | C27: BG Petroleum | D27: 13.85 | E27: - | F27: 16.5 | G27: - | H27: - | I27: -
B28: 20 | C28: Bloom Petroleum | D28: 13.99 | E28: - | F28: 16.99 | G28: - | H28: - | I28: -
B29: 21 | C29: Brogan Energy | D29: 13.57 | E29: - | F29: 15.55 | G29: - | H29: - | I29: -
B30: 22 | C30: Breedlove | D30: 13.27 | E30: - | F30: 16.1 | G30: - | H30: - | I30: -
B31: 23 | C31: Brent Petroleum | D31: 13.46 | E31: - | F31: 15.79 | G31: - | H31: - | I31: -
B32: 24 | C32: Buffallo | D32: 13.39 | E32: - | F32: 13.99 | G32: - | H32: - | I32: -
B33: 25 | C33: Central Brent | D33: - | E33: - | F33: - | G33: 15.96 | H33: - | I33: -
B34: 26 | C34: Cent Eastern | D34: - | E34: - | F34: - | G34: 16.74 | H34: - | I34: -
B35: 27 | C35: Oil Space | D35: - | E35: - | F35: - | G35: 14.84 | H35: - | I35: -
B36: 28 | C36: Coegan | D36: - | E36: - | F36: - | G36: 17.16 | H36: - | I36: -
B37: 29 | C37: Compass Oleum | D37: 13.85 | E37: - | F37: 16.75 | G37: - | H37: - | I37: -
B38: 30 | C38: Crown Petroleum | D38: 13.99 | E38: - | F38: 16.99 | G38: 18.65 | H38: - | I38: -
B39: 31 | C39: Desert oil | D39: 13.49 | E39: - | F39: 16.49 | G39: - | H39: - | I39: -
B40: 32 | C40: Dejon jones Ltd | D40: 14.21 | E40: - | F40: 16.95 | G40: - | H40: - | I40: -
B41: 33 | C41: Davis Petroleum | D41: 13.99 | E41: - | F41: 16.99 | G41: 15.21 | H41: - | I41: -
B42: 34 | C42: Dukes Petroleum | D42: 13.27 | E42: - | F42: 16.1 | G42: 16.06 | H42: - | I42: -
B43: 35 | C43: E. Windstar Petroleum | D43: 13.4 | E43: - | F43: 16.1 | G43: =G9 -> - | H43: - | I43: -
B44: 36 | C44: Eden Petroleum | D44: 13.45 | E44: - | F44: 17.1 | G44: - | H44: - | I44: -
B45: 37 | C45: Essence Energy | D45: 13.5 | E45: - | F45: 16.8 | G45: - | H45: - | I45: -
B46: 38 | C46: Energetic Petro gh | D46: 14.16 | E46: - | F46: 17.3 | G46: 13.117436 | H46: - | I46: -
B47: 39 | C47: Ex Oil | D47: 13.85 | E47: - | F47: 16.75 | G47: - | H47: - | I47: -
B48: 40 | C48: Earth Energy | D48: 13.99 | E48: - | F48: 17.33 | G48: - | H48: - | I48: -
B49: 41 | C49: EV Oil | D49: 13.9 | E49: - | F49: 17.1 | G49: - | H49: - | I49: -
B50: 42 | C50: Eza Petroleum | D50: 14.35 | E50: - | F50: 18.63 | G50: - | H50: - | I50: -
B51: 43 | C51: First Gas | D51: - | E51: - | F51: - | G51: 16.71 | H51: - | I51: -
B52: 44 | C52: Finest Oil | D52: 13.8 | E52: - | F52: 16.59 | G52: - | H52: - | I52: -
B53: 45 | C53: Fraga Oil | D53: 10.42 | E53: - | F53: 11.64 | G53: - | H53: - | I53: -
B54: 46 | C54: Frimps Oil | D54: 13.27 | E54: - | F54: 16.1 | G54: 12.1 | H54: - | I54: -
B55: 47 | C55: Frontier Oil | D55: 13.35 | E55: - | F55: 16.15 | G55: - | H55: - | I55: -
B56: 48 | C56: Gamma Petroleum | D56: 11.45 | E56: - | F56: 11.49 | G56: - | H56: - | I56: -
B57: 49 | C57: GB Oil | D57: 13.7 | E57: - | F57: 17.7 | G57: 12.8878 | H57: - | I57: -
B58: 50 | C58: Gab Energy | D58: 13.3 | E58: - | F58: 16.59 | G58: - | H58: 13.8 | I58: -
B59: 51 | C59: Gaso oil | D59: 13.49 | E59: - | F59: 17.97 | G59: 15.8 | H59: - | I59: -
B60: 52 | C60: Gogas | D60: - | E60: - | F60: - | G60: 17.61 | H60: - | I60: -
B61: 53 | C61: GOIL | D61: 13.27 | E61: 15.77 | F61: 16.1 | G61: 13.12 | H61: - | I61: 11.12
B62: 54 | C62: Goodness Energy | D62: 13.27 | E62: - | F62: 16.1 | G62: - | H62: - | I62: -
B63: 55 | C63: Gowell Energy | D63: 13.27 | E63: - | F63: 16.1 | G63: - | H63: - | I63: -
B64: 56 | C64: Group Trans africana Ltd | D64: 9.96 | E64: - | F64: 11.96 | G64: - | H64: - | I64: -
B65: 57 | C65: Grid Petroleum | D65: 13.99 | E65: - | F65: 16.99 | G65: - | H65: - | I65: -
B66: 58 | C66: Henos Energy | D66: - | E66: - | F66: - | G66: 14.6578 | H66: - | I66: -
B67: 59 | C67: Hills Oil | D67: - | E67: - | F67: - | G67: 16.71 | H67: - | I67: -
B68: 60 | C68: Huss Petroleum | D68: 13.55 | E68: - | F68: 16.1 | G68: - | H68: - | I68: -
B69: 61 | C69: IBM Petroleum | D69: 13.99 | E69: - | F69: 16.75 | G69: - | H69: - | I69: -
B70: 62 | C70: Icon Energy | D70: 13.27 | E70: - | F70: 16.1 | G70: - | H70: - | I70: =-'Ex-Pump Prices 30th April 2026'!J141 -> 0
B71: 63 | C71: Infin | D71: 13.77 | E71: - | F71: 16.4 | G71: 16.81 | H71: - | I71: -
B72: 64 | C72: JD Link | D72: 13.47 | E72: - | F72: 16.3 | G72: 16.56 | H72: - | I72: -
B73: 65 | C73: Joekona | D73: - | E73: - | F73: - | G73: 16.31 | H73: - | I73: -
B74: 66 | C74: Jusbro | D74: 14.18 | E74: - | F74: 16.72 | G74: 14.58 | H74: - | I74: -
B75: 67 | C75: JP Trustee | D75: 13.27 | E75: 14.97 | F75: 16.1 | G75: - | H75: - | I75: -
B76: 68 | C76: Kabore Oil | D76: 13.95 | E76: - | F76: 16.1 | G76: - | H76: - | I76: -
B77: 69 | C77: Kan Royal | D77: 10.5 | E77: - | F77: 11.45 | G77: - | H77: - | I77: -
B78: 70 | C78: Kaysens | D78: - | E78: - | F78: - | G78: 17.03 | H78: - | I78: -
B79: 71 | C79: Koan Petroleum | D79: 13.27 | E79: - | F79: 16.1 | G79: 15.9 | H79: - | I79: -
B80: 72 | C80: KI Energy | D80: - | E80: - | F80: - | G80: 17.83 | H80: - | I80: -
B81: 73 | C81: Kings Energy | D81: 13.27 | E81: - | F81: 16.1 | G81: - | H81: - | I81: -
B82: 74 | C82: Kingsperp Oil Ltd | D82: 10.52 | E82: - | F82: 11.54 | G82: - | H82: - | I82: -
B83: 75 | C83: La Clem | D83: 13.27 | E83: - | F83: 16.1 | G83: - | H83: - | I83: -
B84: 76 | C84: Lamininbee | D84: - | E84: - | F84: - | G84: 17.16 | H84: - | I84: -
B85: 77 | C85: Lambark Gas | D85: - | E85: - | F85: - | G85: 14.5 | H85: - | I85: -
B86: 78 | C86: Liberty Petroleum | D86: 13.99 | E86: - | F86: 16.8 | G86: - | H86: - | I86: -
B87: 79 | C87: Life Energy | D87: 12.5 | E87: - | F87: 14.35 | G87: - | H87: - | I87: -
B88: 80 | C88: Liss Petroleum | D88: 13.92 | E88: - | F88: 17.9 | G88: - | H88: - | I88: 12.46
B89: 81 | C89: Lucky oil | D89: 13.27 | E89: - | F89: 16.1 | G89: 14.84 | H89: - | I89: -
B90: 82 | C90: Mm Energy | D90: 13.86 | E90: - | F90: 17.95 | G90: - | H90: - | I90: -
B91: 83 | C91: Manbah Gas | D91: - | E91: - | F91: - | G91: 16.56 | H91: - | I91: -
B92: 84 | C92: Maxx Energy | D92: 10.36 | E92: - | F92: 11.55 | G92: 15 | H92: - | I92: -
B93: 85 | C93: Mercy Oil | D93: 13.99 | E93: - | F93: 16.89 | G93: - | H93: - | I93: -
B94: 86 | C94: Midas Oil | D94: - | E94: - | F94: - | G94: 16.86 | H94: - | I94: -
B95: 87 | C95: Mighty Gas | D95: - | E95: - | F95: - | G95: 16.72 | H95: - | I95: -
B96: 88 | C96: Misa Energy | D96: 13.89 | F96: 16.69 | G96: 16.48 | H96: 11.84 | I96: -
B97: 89 | C97: Mobik Energy | D97: 13.41 | E97: - | F97: 16.1 | G97: - | H97: - | I97: -
B98: 90 | C98: More Fuel | D98: 13.27 | E98: - | F98: 16.1 | G98: - | H98: - | I98: -
B99: 91 | C99: Naagamni | D99: 13.27 | E99: - | F99: 16.1 | G99: - | H99: - | I99: 11.36
B100: 92 | C100: Nasona | D100: 13.5 | E100: - | F100: 16.1 | G100: - | H100: - | I100: -
B101: 93 | C101: Nexbons | D101: - | E101: - | F101: - | G101: 17.45 | H101: - | I101: -
B102: 94 | C102: Next Petroleum | D102: 13.5 | E102: - | F102: 17.1 | G102: 14.9 | H102: - | I102: -
B103: 95 | C103: Nick Petroleum | D103: 10.65 | E103: - | F103: 11.75 | G103: - | H103: - | I103: -
B104: 96 | C104: NOVA | D104: 13.3 | E104: - | F104: 17.1 | G104: - | H104: - | I104: -
B105: 97 | C105: N3 Limited | D105: 13.9 | E105: - | F105: 15.65 | G105: - | H105: - | I105: -
...

Sheet Ex-Pump Prices 29th April 2026
B2: NATIONAL PETROLEUM AUTHORITY
B6: EX-PUMP PRICES OF OMCs/LPGMCs AS OF 29th APRIL 2026
B8: NO. | C8: COMPANY | D8: REGULAR PETROL - RON 91 (GHS/Lt) | E8: PREMIUM PETROL - RON 95 (GHS/Lt) | F8: DIESEL (GHS/Lt) | G8: LPG (GHS/Kg) | H8: KEROSENE (GHS/Lt) | I8: MGO Local (GHS/Lt)
B9: 1 | C9: Agapet | D9: 14.46 | E9: - | F9: 16.95 | G9: - | H9: - | I9: -
B10: 2 | C10: Aegis huile | D10: 13.5 | E10: - | F10: 17.5 | G10: - | H10: - | I10: -
B11: 3 | C11: Akara Energy | D11: 13.27 | E11: - | F11: 16.1 | G11: - | H11: - | I11: -
B12: 4 | C12: AI Energy | D12: 13.89 | E12: - | F12: 16.99 | G12: - | H12: - | I12: -
B13: 5 | C13: Allied Oil | D13: 13.27 | E13: - | F13: 16.1 | G13: - | H13: - | I13: -
B14: 6 | C14: Alinco | D14: 13.27 | E14: - | F14: 16.1 | G14: - | H14: - | I14: -
B15: 7 | C15: Alive Gas | D15: - | E15: - | F15: - | G15: 16.56 | H15: - | I15: -
B16: 8 | C16: Aminso Energy | D16: 12 | E16: - | F16: 12.58 | G16: - | H16: - | I16: -
B17: 9 | C17: Anasset | D17: - | E17: - | F17: - | G17: 16.7 | H17: - | I17: -
B18: 10 | C18: Andev | D18: - | E18: - | F18: - | G18: 16.76 | H18: - | I18: -
B19: 11 | C19: Annandale | D19: - | E19: - | F19: - | G19: 16.61 | H19: - | I19: -
B20: 12 | C20: Amdaway | D20: 13.27 | E20: - | F20: 16.1 | G20: - | H20: - | I20: -
B21: 13 | C21: Aminaser oil | D21: 13.27 | E21: - | F21: 16.1 | G21: - | H21: - | I21: -
B22: 14 | C22: Ap Oil & Gas | D22: 13.55 | E22: - | F22: 17.4 | G22: - | H22: - | I22: -
B23: 15 | C23: April Oil Ghana | D23: 13.99 | E23: - | F23: 17.7 | G23: - | H23: - | I23: -
B24: 16 | C24: Benab Oil | D24: 13.27 | E24: - | F24: 16.1 | G24: - | H24: - | I24: -
B25: 17 | C25: Baffour Gas | D25: - | E25: - | F25: - | G25: 17.61 | H25: - | I25: -
B26: 18 | C26: Beap Energy | D26: 13.83 | E26: - | F26: 17.04 | G26: - | H26: - | I26: -
B27: 19 | C27: BG Petroleum | D27: 13.85 | E27: - | F27: 16.5 | G27: - | H27: - | I27: -
B28: 20 | C28: Bloom Petroleum | D28: 13.99 | E28: - | F28: 16.99 | G28: - | H28: - | I28: -
B29: 21 | C29: Brogan Energy | D29: 13.57 | E29: - | F29: 15.55 | G29: - | H29: - | I29: -
B30: 22 | C30: Breedlove | D30: 13.27 | E30: - | F30: 16.1 | G30: - | H30: - | I30: -
B31: 23 | C31: Brent Petroleum | D31: 13.46 | E31: - | F31: 17.69 | G31: - | H31: - | I31: -
B32: 24 | C32: Buffallo | D32: 13.39 | E32: - | F32: 13.99 | G32: - | H32: - | I32: -
B33: 25 | C33: Central Brent | D33: - | E33: - | F33: - | G33: 14.11 | H33: - | I33: -
B34: 26 | C34: Cent Eastern | D34: - | E34: - | F34: - | G34: 16.74 | H34: - | I34: -
B35: 27 | C35: Oil Space | D35: - | E35: - | F35: - | G35: 14.84 | H35: - | I35: -
B36: 28 | C36: Coegan | D36: - | E36: - | F36: - | G36: 17.16 | H36: - | I36: -
B37: 29 | C37: Compass Oleum | D37: 13.85 | E37: - | F37: 16.75 | G37: - | H37: - | I37: -
B38: 30 | C38: Crown Petroleum | D38: 13.99 | E38: - | F38: 16.99 | G38: 18.65 | H38: - | I38: -
B39: 31 | C39: Desert oil | D39: 13.49 | E39: - | F39: 16.49 | G39: - | H39: - | I39: -
B40: 32 | C40: Dejon jones Ltd | D40: 14.21 | E40: - | F40: 16.95 | G40: - | H40: - | I40: -
B41: 33 | C41: Davis Petroleum | D41: 13.99 | E41: - | F41: 16.99 | G41: 15.21 | H41: - | I41: -
B42: 34 | C42: Dukes Petroleum | D42: 13.27 | E42: - | F42: 16.1 | G42: 16.06 | H42: - | I42: -
B43: 35 | C43: E. Windstar Petroleum | D43: 13.4 | E43: - | F43: 16.1 | G43: =G9 -> - | H43: - | I43: -
B44: 36 | C44: Eden Petroleum | D44: 13.45 | E44: - | F44: 17.1 | G44: - | H44: - | I44: -
B45: 37 | C45: Essence Energy | D45: 13.5 | E45: - | F45: 16.8 | G45: - | H45: - | I45: -
B46: 38 | C46: Energetic Petro gh | D46: 14.16 | E46: - | F46: 17.3 | G46: 13.117436 | H46: - | I46: -
B47: 39 | C47: Ex Oil | D47: 13.85 | E47: - | F47: 16.75 | G47: - | H47: - | I47: -
B48: 40 | C48: Earth Energy | D48: 13.99 | E48: - | F48: 17.33 | G48: - | H48: - | I48: -
B49: 41 | C49: EV Oil | D49: 13.9 | E49: - | F49: 17.1 | G49: - | H49: - | I49: -
B50: 42 | C50: Eza Petroleum | D50: 14.35 | E50: - | F50: 18.63 | G50: - | H50: - | I50: -
B51: 43 | C51: First Gas | D51: - | E51: - | F51: - | G51: 16.71 | H51: - | I51: -
B52: 44 | C52: Finest Oil | D52: 13.8 | E52: - | F52: 16.59 | G52: - | H52: - | I52: -
B53: 45 | C53: Fraga Oil | D53: 10.42 | E53: - | F53: 11.64 | G53: - | H53: - | I53: -
B54: 46 | C54: Frimps Oil | D54: 13.27 | E54: - | F54: 16.1 | G54: 12.1 | H54: - | I54: -
B55: 47 | C55: Frontier Oil | D55: 13.35 | E55: - | F55: 16.15 | G55: - | H55: - | I55: -
B56: 48 | C56: Gamma Petroleum | D56: 11.45 | E56: - | F56: 11.49 | G56: - | H56: - | I56: -
B57: 49 | C57: GB Oil | D57: 13.7 | E57: - | F57: 17.7 | G57: 12.8878 | H57: - | I57: -
B58: 50 | C58: Gab Energy | D58: 13.3 | E58: - | F58: 16.59 | G58: - | H58: 13.8 | I58: -
B59: 51 | C59: Gaso oil | D59: 13.49 | E59: - | F59: 17.97 | G59: 15.8 | H59: - | I59: -
B60: 52 | C60: Gogas | D60: - | E60: - | F60: - | G60: 17.61 | H60: - | I60: -
B61: 53 | C61: GOIL | D61: 13.27 | E61: 15.77 | F61: 16.1 | G61: 13.12 | H61: - | I61: 11.12
B62: 54 | C62: Goodness Energy | D62: 13.27 | E62: - | F62: 16.1 | G62: - | H62: - | I62: -
B63: 55 | C63: Gowell Energy | D63: 13.27 | E63: - | F63: 16.1 | G63: - | H63: - | I63: -
B64: 56 | C64: Group Trans africana Ltd | D64: 9.96 | E64: - | F64: 11.96 | G64: - | H64: - | I64: -
B65: 57 | C65: Grid Petroleum | D65: 13.99 | E65: - | F65: 16.99 | G65: - | H65: - | I65: -
B66: 58 | C66: Henos Energy | D66: - | E66: - | F66: - | G66: 14.6578 | H66: - | I66: -
B67: 59 | C67: Hills Oil | D67: - | E67: - | F67: - | G67: 16.71 | H67: - | I67: -
B68: 60 | C68: Huss Petroleum | D68: 13.7 | E68: - | F68: 17.5 | G68: - | H68: - | I68: -
B69: 61 | C69: IBM Petroleum | D69: 13.99 | E69: - | F69: 16.75 | G69: - | H69: - | I69: -
B70: 62 | C70: Icon Energy | D70: 13.27 | E70: - | F70: 16.1 | G70: - | H70: - | I70: =-'Ex-Pump Prices 29th April 2026'!J141 -> 0
B71: 63 | C71: Infin | D71: 13.77 | E71: - | F71: 16.4 | G71: 16.81 | H71: - | I71: -
B72: 64 | C72: JD Link | D72: 13.47 | E72: - | F72: 16.3 | G72: 16.56 | H72: - | I72: -
B73: 65 | C73: Joekona | D73: - | E73: - | F73: - | G73: 16.31 | H73: - | I73: -
B74: 66 | C74: Jusbro | D74: 14.18 | E74: - | F74: 16.72 | G74: 14.58 | H74: - | I74: -
B75: 67 | C75: JP Trustee | D75: 13.27 | E75: 14.97 | F75: 16.1 | G75: - | H75: - | I75: -
B76: 68 | C76: Kabore Oil | D76: 13.95 | E76: - | F76: 16.1 | G76: - | H76: - | I76: -
B77: 69 | C77: Kan Royal | D77: 10.5 | E77: - | F77: 11.45 | G77: - | H77: - | I77: -
B78: 70 | C78: Kaysens | D78: - | E78: - | F78: - | G78: 17.03 | H78: - | I78: -
B79: 71 | C79: Koan Petroleum | D79: 13.27 | E79: - | F79: 16.1 | G79: 15.9 | H79: - | I79: -
B80: 72 | C80: KI Energy | D80: - | E80: - | F80: - | G80: 17.83 | H80: - | I80: -
B81: 73 | C81: Kings Energy | D81: 13.27 | E81: - | F81: 16.1 | G81: - | H81: - | I81: -
B82: 74 | C82: Kingsperp Oil Ltd | D82: 10.52 | E82: - | F82: 11.54 | G82: - | H82: - | I82: -
B83: 75 | C83: La Clem | D83: 13.27 | E83: - | F83: 16.1 | G83: - | H83: - | I83: -
B84: 76 | C84: Lamininbee | D84: - | E84: - | F84: - | G84: 16.56 | H84: - | I84: -
B85: 77 | C85: Lambark Gas | D85: - | E85: - | F85: - | G85: 14.5 | H85: - | I85: -
B86: 78 | C86: Liberty Petroleum | D86: 13.99 | E86: - | F86: 16.8 | G86: - | H86: - | I86: -
B87: 79 | C87: Life Energy | D87: 12.5 | E87: - | F87: 14.35 | G87: - | H87: - | I87: -
B88: 80 | C88: Liss Petroleum | D88: 13.92 | E88: - | F88: 17.9 | G88: - | H88: - | I88: 12.46
B89: 81 | C89: Lucky oil | D89: 13.27 | E89: - | F89: 16.1 | G89: 14.84 | H89: - | I89: -
B90: 82 | C90: Mm Energy | D90: 13.86 | E90: - | F90: 17.95 | G90: - | H90: - | I90: -
B91: 83 | C91: Manbah Gas | D91: - | E91: - | F91: - | G91: 16.56 | H91: - | I91: -
B92: 84 | C92: Maxx Energy | D92: 10.36 | E92: - | F92: 11.55 | G92: 15 | H92: - | I92: -
B93: 85 | C93: Mercy Oil | D93: 13.99 | E93: - | F93: 16.89 | G93: - | H93: - | I93: -
B94: 86 | C94: Midas Oil | D94: - | E94: - | F94: - | G94: 16.86 | H94: - | I94: -
B95: 87 | C95: Mighty Gas | D95: - | E95: - | F95: - | G95: 16.72 | H95: - | I95: -
B96: 88 | C96: Misa Energy | D96: 13.89 | F96: 16.69 | G96: 16.48 | H96: 11.84 | I96: -
B97: 89 | C97: Mobik Energy | D97: 13.41 | E97: - | F97: 16.1 | G97: - | H97: - | I97: -
B98: 90 | C98: More Fuel | D98: 13.27 | E98: - | F98: 16.1 | G98: - | H98: - | I98: -
B99: 91 | C99: Naagamni | D99: 13.27 | E99: - | F99: 16.1 | G99: - | H99: - | I99: 11.36
B100: 92 | C100: Nasona | D100: 13.5 | E100: - | F100: 16.1 | G100: - | H100: - | I100: -
B101: 93 | C101: Nexbons | D101: - | E101: - | F101: - | G101: 17.45 | H101: - | I101: -
B102: 94 | C102: Next Petroleum | D102: 13.5 | E102: - | F102: 17.1 | G102: 14.9 | H102: - | I102: -
B103: 95 | C103: Nick Petroleum | D103: 10.65 | E103: - | F103: 11.75 | G103: - | H103: - | I103: -
B104: 96 | C104: NOVA | D104: 13.3 | E104: - | F104: 17.1 | G104: - | H104: - | I104: -
B105: 97 | C105: N3 Limited | D105: 13.9 | E105: - | F105: 15.65 | G105: - | H105: - | I105: -
...

Sheet Ex-Pump Prices 28th April 2026
B2: NATIONAL PETROLEUM AUTHORITY
B6: EX-PUMP PRICES OF OMCs/LPGMCs AS OF 28th APRIL 2026
B8: NO. | C8: COMPANY | D8: REGULAR PETROL - RON 91 (GHS/Lt) | E8: PREMIUM PETROL - RON 95 (GHS/Lt) | F8: DIESEL (GHS/Lt) | G8: LPG (GHS/Kg) | H8: KEROSENE (GHS/Lt) | I8: MGO Local (GHS/Lt)
B9: 1 | C9: Agapet | D9: 14.46 | E9: - | F9: 16.95 | G9: - | H9: - | I9: -
B10: 2 | C10: Aegis huile | D10: 13.5 | E10: - | F10: 17.5 | G10: - | H10: - | I10: -
B11: 3 | C11: Akara Energy | D11: 13.27 | E11: - | F11: 16.1 | G11: - | H11: - | I11: -
B12: 4 | C12: AI Energy | D12: 13.89 | E12: - | F12: 16.99 | G12: - | H12: - | I12: -
B13: 5 | C13: Allied Oil | D13: 13.27 | E13: - | F13: 16.1 | G13: - | H13: - | I13: -
B14: 6 | C14: Alinco | D14: 13.27 | E14: - | F14: 16.1 | G14: - | H14: - | I14: -
B15: 7 | C15: Alive Gas | D15: - | E15: - | F15: - | G15: 16.56 | H15: - | I15: -
B16: 8 | C16: Aminso Energy | D16: 12 | E16: - | F16: 12.58 | G16: - | H16: - | I16: -
B17: 9 | C17: Anasset | D17: - | E17: - | F17: - | G17: 16.7 | H17: - | I17: -
B18: 10 | C18: Andev | D18: - | E18: - | F18: - | G18: 16.76 | H18: - | I18: -
B19: 11 | C19: Annandale | D19: - | E19: - | F19: - | G19: 16.61 | H19: - | I19: -
B20: 12 | C20: Amdaway | D20: 13.27 | E20: - | F20: 16.1 | G20: - | H20: - | I20: -
B21: 13 | C21: Aminaser oil | D21: 13.27 | E21: - | F21: 16.1 | G21: - | H21: - | I21: -
B22: 14 | C22: Ap Oil & Gas | D22: 13.55 | E22: - | F22: 17.4 | G22: - | H22: - | I22: -
B23: 15 | C23: April Oil Ghana | D23: 13.99 | E23: - | F23: 17.7 | G23: - | H23: - | I23: -
B24: 16 | C24: Benab Oil | D24: 13.27 | E24: - | F24: 16.1 | G24: - | H24: - | I24: -
B25: 17 | C25: Baffour Gas | D25: - | E25: - | F25: - | G25: 17.61 | H25: - | I25: -
B26: 18 | C26: Beap Energy | D26: 13.73 | E26: - | F26: 17.39 | G26: - | H26: - | I26: -
B27: 19 | C27: BG Petroleum | D27: 13.85 | E27: - | F27: 17.97 | G27: - | H27: - | I27: -
B28: 20 | C28: Bloom Petroleum | D28: 13.99 | E28: - | F28: 16.99 | G28: - | H28: - | I28: -
B29: 21 | C29: Brogan Energy | D29: 13.57 | E29: - | F29: 15.55 | G29: - | H29: - | I29: -
B30: 22 | C30: Breedlove | D30: 13.27 | E30: - | F30: 16.1 | G30: - | H30: - | I30: -
B31: 23 | C31: Brent Petroleum | D31: 13.46 | E31: - | F31: 17.69 | G31: - | H31: - | I31: -
B32: 24 | C32: Buffallo | D32: 13.39 | E32: - | F32: 13.99 | G32: - | H32: - | I32: -
B33: 25 | C33: Central Brent | D33: - | E33: - | F33: - | G33: 14.11 | H33: - | I33: -
B34: 26 | C34: Cent Eastern | D34: - | E34: - | F34: - | G34: 16.74 | H34: - | I34: -
B35: 27 | C35: Oil Space | D35: - | E35: - | F35: - | G35: 14.84 | H35: - | I35: -
B36: 28 | C36: Coegan | D36: - | E36: - | F36: - | G36: 17.16 | H36: - | I36: -
B37: 29 | C37: Compass Oleum | D37: 13.85 | E37: - | F37: 16.75 | G37: - | H37: - | I37: -
B38: 30 | C38: Crown Petroleum | D38: 13.99 | E38: - | F38: 16.99 | G38: 18.65 | H38: - | I38: -
B39: 31 | C39: Desert oil | D39: 13.49 | E39: - | F39: 16.49 | G39: - | H39: - | I39: -
B40: 32 | C40: Dejon jones Ltd | D40: 14.21 | E40: - | F40: 16.95 | G40: - | H40: - | I40: -
B41: 33 | C41: Davis Petroleum | D41: 13.99 | E41: - | F41: 16.99 | G41: 15.21 | H41: - | I41: -
B42: 34 | C42: Dukes Petroleum | D42: 13.27 | E42: - | F42: 16.1 | G42: 16.06 | H42: - | I42: -
B43: 35 | C43: E. Windstar Petroleum | D43: 13.4 | E43: - | F43: 16.1 | G43: =G9 -> - | H43: - | I43: -
B44: 36 | C44: Eden Petroleum | D44: 13.45 | E44: - | F44: 17.1 | G44: - | H44: - | I44: -
B45: 37 | C45: Essence Energy | D45: 13.5 | E45: - | F45: 16.8 | G45: - | H45: - | I45: -
B46: 38 | C46: Energetic Petro gh | D46: 14.16 | E46: - | F46: 17.3 | G46: 13.117436 | H46: - | I46: -
B47: 39 | C47: Ex Oil | D47: 13.85 | E47: - | F47: 16.75 | G47: - | H47: - | I47: -
B48: 40 | C48: Earth Energy | D48: 13.99 | E48: - | F48: 17.33 | G48: - | H48: - | I48: -
B49: 41 | C49: EV Oil | D49: 13.9 | E49: - | F49: 17.1 | G49: - | H49: - | I49: -
B50: 42 | C50: Eza Petroleum | D50: 14.35 | E50: - | F50: 18.63 | G50: - | H50: - | I50: -
B51: 43 | C51: First Gas | D51: - | E51: - | F51: - | G51: 16.71 | H51: - | I51: -
B52: 44 | C52: Finest Oil | D52: 13.8 | E52: - | F52: 16.59 | G52: - | H52: - | I52: -
B53: 45 | C53: Fraga Oil | D53: 10.42 | E53: - | F53: 11.64 | G53: - | H53: - | I53: -
B54: 46 | C54: Frimps Oil | D54: 13.27 | E54: - | F54: 16.1 | G54: 12.1 | H54: - | I54: -
B55: 47 | C55: Frontier Oil | D55: 13.35 | E55: - | F55: 16.15 | G55: - | H55: - | I55: -
B56: 48 | C56: Gamma Petroleum | D56: 11.45 | E56: - | F56: 11.49 | G56: - | H56: - | I56: -
B57: 49 | C57: GB Oil | D57: 13.7 | E57: - | F57: 17.7 | G57: 12.8878 | H57: - | I57: -
B58: 50 | C58: Gab Energy | D58: 13.3 | E58: - | F58: 16.59 | G58: - | H58: 13.8 | I58: -
B59: 51 | C59: Gaso oil | D59: 13.49 | E59: - | F59: 17.97 | G59: 15.8 | H59: - | I59: -
B60: 52 | C60: Gogas | D60: - | E60: - | F60: - | G60: 17.61 | H60: - | I60: -
B61: 53 | C61: GOIL | D61: 13.27 | E61: 15.77 | F61: 16.1 | G61: 13.12 | H61: - | I61: 11.12
B62: 54 | C62: Goodness Energy | D62: 13.27 | E62: - | F62: 16.1 | G62: - | H62: - | I62: -
B63: 55 | C63: Gowell Energy | D63: 13.27 | E63: - | F63: 16.1 | G63: - | H63: - | I63: -
B64: 56 | C64: Group Trans africana Ltd | D64: 9.96 | E64: - | F64: 11.96 | G64: - | H64: - | I64: -
B65: 57 | C65: Grid Petroleum | D65: 13.99 | E65: - | F65: 16.99 | G65: - | H65: - | I65: -
B66: 58 | C66: Henos Energy | D66: - | E66: - | F66: - | G66: 14.6578 | H66: - | I66: -
B67: 59 | C67: Hills Oil | D67: - | E67: - | F67: - | G67: 16.71 | H67: - | I67: -
B68: 60 | C68: Huss Petroleum | D68: 13.7 | E68: - | F68: 17.5 | G68: - | H68: - | I68: -
B69: 61 | C69: IBM Petroleum | D69: 13.99 | E69: - | F69: 16.75 | G69: - | H69: - | I69: -
B70: 62 | C70: Icon Energy | D70: 13.27 | E70: - | F70: 16.1 | G70: - | H70: - | I70: =-'Ex-Pump Prices 28th April 2026'!J141 -> 0
B71: 63 | C71: Infin | D71: 13.77 | E71: - | F71: 16.4 | G71: 16.81 | H71: - | I71: -
B72: 64 | C72: JD Link | D72: 13.47 | E72: - | F72: 16.3 | G72: 16.56 | H72: - | I72: -
B73: 65 | C73: Joekona | D73: - | E73: - | F73: - | G73: 16.31 | H73: - | I73: -
B74: 66 | C74: Jusbro | D74: 14.18 | E74: - | F74: 16.72 | G74: 14.58 | H74: - | I74: -
B75: 67 | C75: JP Trustee | D75: 13.27 | E75: 14.97 | F75: 16.1 | G75: - | H75: - | I75: -
B76: 68 | C76: Kabore Oil | D76: 13.95 | E76: - | F76: 16.1 | G76: - | H76: - | I76: -
B77: 69 | C77: Kan Royal | D77: 10.5 | E77: - | F77: 11.45 | G77: - | H77: - | I77: -
B78: 70 | C78: Kaysens | D78: - | E78: - | F78: - | G78: 17.03 | H78: - | I78: -
B79: 71 | C79: Koan Petroleum | D79: 13.27 | E79: - | F79: 16.1 | G79: 15.9 | H79: - | I79: -
B80: 72 | C80: KI Energy | D80: - | E80: - | F80: - | G80: 17.83 | H80: - | I80: -
B81: 73 | C81: Kings Energy | D81: 13.27 | E81: - | F81: 16.1 | G81: - | H81: - | I81: -
B82: 74 | C82: Kingsperp Oil Ltd | D82: 10.52 | E82: - | F82: 11.54 | G82: - | H82: - | I82: -
B83: 75 | C83: La Clem | D83: 13.27 | E83: - | F83: 16.1 | G83: - | H83: - | I83: -
B84: 76 | C84: Lamininbee | D84: - | E84: - | F84: - | G84: 16.56 | H84: - | I84: -
B85: 77 | C85: Lambark Gas | D85: - | E85: - | F85: - | G85: 14.5 | H85: - | I85: -
B86: 78 | C86: Liberty Petroleum | D86: 13.99 | E86: - | F86: 16.8 | G86: - | H86: - | I86: -
B87: 79 | C87: Life Energy | D87: 12.5 | E87: - | F87: 14.35 | G87: - | H87: - | I87: -
B88: 80 | C88: Liss Petroleum | D88: 13.92 | E88: - | F88: 17.9 | G88: - | H88: - | I88: 12.46
B89: 81 | C89: Lucky oil | D89: 13.27 | E89: - | F89: 16.1 | G89: 14.84 | H89: - | I89: -
B90: 82 | C90: Mm Energy | D90: 13.86 | E90: - | F90: 17.95 | G90: - | H90: - | I90: -
B91: 83 | C91: Manbah Gas | D91: - | E91: - | F91: - | G91: 16.56 | H91: - | I91: -
B92: 84 | C92: Maxx Energy | D92: 10.36 | E92: - | F92: 11.55 | G92: 15 | H92: - | I92: -
B93: 85 | C93: Mercy Oil | D93: 13.99 | E93: - | F93: 16.89 | G93: - | H93: - | I93: -
B94: 86 | C94: Midas Oil | D94: - | E94: - | F94: - | G94: 16.86 | H94: - | I94: -
B95: 87 | C95: Mighty Gas | D95: - | E95: - | F95: - | G95: 16.72 | H95: - | I95: -
B96: 88 | C96: Misa Energy | D96: 13.89 | F96: 16.69 | G96: 16.48 | H96: 11.84 | I96: -
B97: 89 | C97: Mobik Energy | D97: 13.39 | E97: - | F97: 16.33 | G97: - | H97: - | I97: -
B98: 90 | C98: More Fuel | D98: 13.27 | E98: - | F98: 16.1 | G98: - | H98: - | I98: -
B99: 91 | C99: Naagamni | D99: 13.27 | E99: - | F99: 16.1 | G99: - | H99: - | I99: 11.36
B100: 92 | C100: Nasona | D100: 13.9 | E100: - | F100: 16.5 | G100: - | H100: - | I100: -
B101: 93 | C101: Nexbons | D101: - | E101: - | F101: - | G101: 17.45 | H101: - | I101: -
B102: 94 | C102: Next Petroleum | D102: 13.5 | E102: - | F102: 17.1 | G102: 14.9 | H102: - | I102: -
B103: 95 | C103: Nick Petroleum | D103: 10.65 | E103: - | F103: 11.75 | G103: - | H103: - | I103: -
B104: 96 | C104: NOVA | D104: 13.3 | E104: - | F104: 17.1 | G104: - | H104: - | I104: -
B105: 97 | C105: N3 Limited | D105: 13.9 | E105: - | F105: 15.65 | G105: - | H105: - | I105: -
...

Sheet Ex-Pump Prices 27th April 2026
B2: NATIONAL PETROLEUM AUTHORITY
B6: EX-PUMP PRICES OF OMCs/LPGMCs AS OF 27th APRIL 2026
B8: NO. | C8: COMPANY | D8: REGULAR PETROL - RON 91 (GHS/Lt) | E8: PREMIUM PETROL - RON 95 (GHS/Lt) | F8: DIESEL (GHS/Lt) | G8: LPG (GHS/Kg) | H8: KEROSENE (GHS/Lt) | I8: MGO Local (GHS/Lt)
B9: 1 | C9: Agapet | D9: 14.46 | E9: - | F9: 16.95 | G9: - | H9: - | I9: -
B10: 2 | C10: Aegis huile | D10: 13.5 | E10: - | F10: 17.5 | G10: - | H10: - | I10: -
B11: 3 | C11: Akara Energy | D11: 13.27 | E11: - | F11: 16.1 | G11: - | H11: - | I11: -
B12: 4 | C12: AI Energy | D12: 13.89 | E12: - | F12: 16.99 | G12: - | H12: - | I12: -
B13: 5 | C13: Allied Oil | D13: 13.27 | E13: - | F13: 16.1 | G13: - | H13: - | I13: -
B14: 6 | C14: Alinco | D14: 13.27 | E14: - | F14: 16.1 | G14: - | H14: - | I14: -
B15: 7 | C15: Alive Gas | D15: - | E15: - | F15: - | G15: 16.56 | H15: - | I15: -
B16: 8 | C16: Aminso Energy | D16: 12 | E16: - | F16: 12.58 | G16: - | H16: - | I16: -
B17: 9 | C17: Anasset | D17: - | E17: - | F17: - | G17: 16.7 | H17: - | I17: -
B18: 10 | C18: Andev | D18: - | E18: - | F18: - | G18: 16.76 | H18: - | I18: -
B19: 11 | C19: Annandale | D19: - | E19: - | F19: - | G19: 16.61 | H19: - | I19: -
B20: 12 | C20: Amdaway | D20: 13.27 | E20: - | F20: 16.1 | G20: - | H20: - | I20: -
B21: 13 | C21: Aminaser oil | D21: 13.27 | E21: - | F21: 16.1 | G21: - | H21: - | I21: -
B22: 14 | C22: Ap Oil & Gas | D22: 13.55 | E22: - | F22: 17.4 | G22: - | H22: - | I22: -
B23: 15 | C23: April Oil Ghana | D23: 13.99 | E23: - | F23: 17.7 | G23: - | H23: - | I23: -
B24: 16 | C24: Benab Oil | D24: 13.27 | E24: - | F24: 16.1 | G24: - | H24: - | I24: -
B25: 17 | C25: Baffour Gas | D25: - | E25: - | F25: - | G25: 17.61 | H25: - | I25: -
B26: 18 | C26: Beap Energy | D26: 13.73 | E26: - | F26: 17.39 | G26: - | H26: - | I26: -
B27: 19 | C27: BG Petroleum | D27: 13.85 | E27: - | F27: 17.97 | G27: - | H27: - | I27: -
B28: 20 | C28: Bloom Petroleum | D28: 13.99 | E28: - | F28: 16.99 | G28: - | H28: - | I28: -
B29: 21 | C29: Brogan Energy | D29: 13.57 | E29: - | F29: 15.55 | G29: - | H29: - | I29: -
B30: 22 | C30: Breedlove | D30: 13.27 | E30: - | F30: 16.1 | G30: - | H30: - | I30: -
B31: 23 | C31: Brent Petroleum | D31: 13.46 | E31: - | F31: 17.69 | G31: - | H31: - | I31: -
B32: 24 | C32: Buffallo | D32: 13.39 | E32: - | F32: 13.99 | G32: - | H32: - | I32: -
B33: 25 | C33: Central Brent | D33: - | E33: - | F33: - | G33: 14.11 | H33: - | I33: -
B34: 26 | C34: Cent Eastern | D34: - | E34: - | F34: - | G34: 16.74 | H34: - | I34: -
B35: 27 | C35: Oil Space | D35: - | E35: - | F35: - | G35: 14.84 | H35: - | I35: -
B36: 28 | C36: Coegan | D36: - | E36: - | F36: - | G36: 17.16 | H36: - | I36: -
B37: 29 | C37: Compass Oleum | D37: 13.85 | E37: - | F37: 16.75 | G37: - | H37: - | I37: -
B38: 30 | C38: Crown Petroleum | D38: 13.99 | E38: - | F38: 16.99 | G38: 18.65 | H38: - | I38: -
B39: 31 | C39: Desert oil | D39: 13.49 | E39: - | F39: 16.49 | G39: - | H39: - | I39: -
B40: 32 | C40: Dejon jones Ltd | D40: 14.21 | E40: - | F40: 16.95 | G40: - | H40: - | I40: -
B41: 33 | C41: Davis Petroleum | D41: 13.99 | E41: - | F41: 16.99 | G41: 15.21 | H41: - | I41: -
B42: 34 | C42: Dukes Petroleum | D42: 13.27 | E42: - | F42: 16.1 | G42: 16.06 | H42: - | I42: -
B43: 35 | C43: E. Windstar Petroleum | D43: 13.4 | E43: - | F43: 16.1 | G43: =G9 -> - | H43: - | I43: -
B44: 36 | C44: Eden Petroleum | D44: 13.45 | E44: - | F44: 17.1 | G44: - | H44: - | I44: -
B45: 37 | C45: Essence Energy | D45: 13.5 | E45: - | F45: 16.8 | G45: - | H45: - | I45: -
B46: 38 | C46: Energetic Petro gh | D46: 14.16 | E46: - | F46: 17.3 | G46: 13.117436 | H46: - | I46: -
B47: 39 | C47: Ex Oil | D47: 13.85 | E47: - | F47: 16.75 | G47: - | H47: - | I47: -
B48: 40 | C48: Earth Energy | D48: 13.99 | E48: - | F48: 17.33 | G48: - | H48: - | I48: -
B49: 41 | C49: EV Oil | D49: 13.9 | E49: - | F49: 17.1 | G49: - | H49: - | I49: -
B50: 42 | C50: Eza Petroleum | D50: 14.35 | E50: - | F50: 18.63 | G50: - | H50: - | I50: -
B51: 43 | C51: First Gas | D51: - | E51: - | F51: - | G51: 16.71 | H51: - | I51: -
B52: 44 | C52: Finest Oil | D52: 13.8 | E52: - | F52: 16.59 | G52: - | H52: - | I52: -
B53: 45 | C53: Fraga Oil | D53: 10.42 | E53: - | F53: 11.64 | G53: - | H53: - | I53: -
B54: 46 | C54: Frimps Oil | D54: 13.27 | E54: - | F54: 16.1 | G54: 12.1 | H54: - | I54: -
B55: 47 | C55: Frontier Oil | D55: 13.35 | E55: - | F55: 16.15 | G55: - | H55: - | I55: -
B56: 48 | C56: Gamma Petroleum | D56: 11.45 | E56: - | F56: 11.49 | G56: - | H56: - | I56: -
B57: 49 | C57: GB Oil | D57: 13.7 | E57: - | F57: 17.7 | G57: 12.8878 | H57: - | I57: -
B58: 50 | C58: Gab Energy | D58: 13.3 | E58: - | F58: 16.59 | G58: - | H58: 13.8 | I58: -
B59: 51 | C59: Gaso oil | D59: 13.49 | E59: - | F59: 17.97 | G59: 15.8 | H59: - | I59: -
B60: 52 | C60: Gogas | D60: - | E60: - | F60: - | G60: 17.61 | H60: - | I60: -
B61: 53 | C61: GOIL | D61: 13.27 | E61: 15.77 | F61: 16.1 | G61: 13.12 | H61: - | I61: 11.12
B62: 54 | C62: Goodness Energy | D62: 13.27 | E62: - | F62: 16.1 | G62: - | H62: - | I62: -
B63: 55 | C63: Gowell Energy | D63: 13.27 | E63: - | F63: 16.1 | G63: - | H63: - | I63: -
B64: 56 | C64: Group Trans africana Ltd | D64: 9.96 | E64: - | F64: 11.96 | G64: - | H64: - | I64: -
B65: 57 | C65: Grid Petroleum | D65: 13.99 | E65: - | F65: 16.99 | G65: - | H65: - | I65: -
B66: 58 | C66: Henos Energy | D66: - | E66: - | F66: - | G66: 14.6578 | H66: - | I66: -
B67: 59 | C67: Hills Oil | D67: - | E67: - | F67: - | G67: 16.71 | H67: - | I67: -
B68: 60 | C68: Huss Petroleum | D68: 13.7 | E68: - | F68: 17.5 | G68: - | H68: - | I68: -
B69: 61 | C69: IBM Petroleum | D69: 13.99 | E69: - | F69: 16.75 | G69: - | H69: - | I69: -
B70: 62 | C70: Icon Energy | D70: 13.27 | E70: - | F70: 16.1 | G70: - | H70: - | I70: =-'Ex-Pump Prices 27th April 2026'!J141 -> 0
B71: 63 | C71: Infin | D71: 13.77 | E71: - | F71: 16.4 | G71: 16.81 | H71: - | I71: -
B72: 64 | C72: JD Link | D72: 13.47 | E72: - | F72: 16.3 | G72: 16.56 | H72: - | I72: -
B73: 65 | C73: Joekona | D73: - | E73: - | F73: - | G73: 16.31 | H73: - | I73: -
B74: 66 | C74: Jusbro | D74: 14.18 | E74: - | F74: 16.72 | G74: 14.58 | H74: - | I74: -
B75: 67 | C75: JP Trustee | D75: 13.27 | E75: 14.97 | F75: 16.1 | G75: - | H75: - | I75: -
B76: 68 | C76: Kabore Oil | D76: 13.95 | E76: - | F76: 16.1 | G76: - | H76: - | I76: -
B77: 69 | C77: Kan Royal | D77: 10.5 | E77: - | F77: 11.45 | G77: - | H77: - | I77: -
B78: 70 | C78: Kaysens | D78: - | E78: - | F78: - | G78: 17.03 | H78: - | I78: -
B79: 71 | C79: Koan Petroleum | D79: 13.27 | E79: - | F79: 16.1 | G79: 15.9 | H79: - | I79: -
B80: 72 | C80: KI Energy | D80: - | E80: - | F80: - | G80: 17.83 | H80: - | I80: -
B81: 73 | C81: Kings Energy | D81: 13.27 | E81: - | F81: 16.1 | G81: - | H81: - | I81: -
B82: 74 | C82: Kingsperp Oil Ltd | D82: 10.52 | E82: - | F82: 11.54 | G82: - | H82: - | I82: -
B83: 75 | C83: La Clem | D83: 13.27 | E83: - | F83: 16.1 | G83: - | H83: - | I83: -
B84: 76 | C84: Lamininbee | D84: - | E84: - | F84: - | G84: 16.56 | H84: - | I84: -
B85: 77 | C85: Lambark Gas | D85: - | E85: - | F85: - | G85: 14.5 | H85: - | I85: -
B86: 78 | C86: Liberty Petroleum | D86: 13.99 | E86: - | F86: 16.8 | G86: - | H86: - | I86: -
B87: 79 | C87: Life Energy | D87: 12.5 | E87: - | F87: 14.35 | G87: - | H87: - | I87: -
B88: 80 | C88: Liss Petroleum | D88: 13.92 | E88: - | F88: 17.9 | G88: - | H88: - | I88: 12.46
B89: 81 | C89: Lucky oil | D89: 13.27 | E89: - | F89: 16.1 | G89: 14.84 | H89: - | I89: -
B90: 82 | C90: Mm Energy | D90: 13.86 | E90: - | F90: 17.95 | G90: - | H90: - | I90: -
B91: 83 | C91: Manbah Gas | D91: - | E91: - | F91: - | G91: 16.56 | H91: - | I91: -
B92: 84 | C92: Maxx Energy | D92: 10.36 | E92: - | F92: 11.55 | G92: 15 | H92: - | I92: -
B93: 85 | C93: Mercy Oil | D93: 13.99 | E93: - | F93: 16.89 | G93: - | H93: - | I93: -
B94: 86 | C94: Midas Oil | D94: - | E94: - | F94: - | G94: 16.86 | H94: - | I94: -
B95: 87 | C95: Mighty Gas | D95: - | E95: - | F95: - | G95: 16.72 | H95: - | I95: -
B96: 88 | C96: Misa Energy | D96: 13.89 | F96: 16.69 | G96: 16.48 | H96: 11.84 | I96: -
B97: 89 | C97: Mobik Energy | D97: 13.39 | E97: - | F97: 16.33 | G97: - | H97: - | I97: -
B98: 90 | C98: More Fuel | D98: 13.27 | E98: - | F98: 16.1 | G98: - | H98: - | I98: -
B99: 91 | C99: Naagamni | D99: 13.27 | E99: - | F99: 16.1 | G99: - | H99: - | I99: 11.36
B100: 92 | C100: Nasona | D100: 13.9 | E100: - | F100: 16.5 | G100: - | H100: - | I100: -
B101: 93 | C101: Nexbons | D101: - | E101: - | F101: - | G101: 17.45 | H101: - | I101: -
B102: 94 | C102: Next Petroleum | D102: 13.5 | E102: - | F102: 17.1 | G102: 14.9 | H102: - | I102: -
B103: 95 | C103: Nick Petroleum | D103: 10.65 | E103: - | F103: 11.75 | G103: - | H103: - | I103: -
B104: 96 | C104: NOVA | D104: 13.3 | E104: - | F104: 17.1 | G104: - | H104: - | I104: -
B105: 97 | C105: N3 Limited | D105: 13.9 | E105: - | F105: 15.65 | G105: - | H105: - | I105: -
...

Sheet Ex-Pump Prices 24th April 2026
B2: NATIONAL PETROLEUM AUTHORITY
B6: EX-PUMP PRICES OF OMCs/LPGMCs AS OF 24th APRIL 2026
B8: NO. | C8: COMPANY | D8: REGULAR PETROL - RON 91 (GHS/Lt) | E8: PREMIUM PETROL - RON 95 (GHS/Lt) | F8: DIESEL (GHS/Lt) | G8: LPG (GHS/Kg) | H8: KEROSENE (GHS/Lt) | I8: MGO Local (GHS/Lt)
B9: 1 | C9: Agapet | D9: 14.46 | E9: - | F9: 16.95 | G9: - | H9: - | I9: -
B10: 2 | C10: Aegis huile | D10: 13.5 | E10: - | F10: 17.5 | G10: - | H10: - | I10: -
B11: 3 | C11: Akara Energy | D11: 13.27 | E11: - | F11: 16.1 | G11: - | H11: - | I11: -
B12: 4 | C12: AI Energy | D12: 13.89 | E12: - | F12: 16.99 | G12: - | H12: - | I12: -
B13: 5 | C13: Allied Oil | D13: 13.27 | E13: - | F13: 16.1 | G13: - | H13: - | I13: -
B14: 6 | C14: Alinco | D14: 13.27 | E14: - | F14: 16.1 | G14: - | H14: - | I14: -
B15: 7 | C15: Alive Gas | D15: - | E15: - | F15: - | G15: 16.56 | H15: - | I15: -
B16: 8 | C16: Aminso Energy | D16: 12 | E16: - | F16: 12.58 | G16: - | H16: - | I16: -
B17: 9 | C17: Anasset | D17: - | E17: - | F17: - | G17: 16.7 | H17: - | I17: -
B18: 10 | C18: Andev | D18: - | E18: - | F18: - | G18: 16.76 | H18: - | I18: -
B19: 11 | C19: Annandale | D19: - | E19: - | F19: - | G19: 16.61 | H19: - | I19: -
B20: 12 | C20: Amdaway | D20: 13.27 | E20: - | F20: 16.1 | G20: - | H20: - | I20: -
B21: 13 | C21: Aminaser oil | D21: 13.27 | E21: - | F21: 16.1 | G21: - | H21: - | I21: -
B22: 14 | C22: Ap Oil & Gas | D22: 13.55 | E22: - | F22: 17.4 | G22: - | H22: - | I22: -
B23: 15 | C23: April Oil Ghana | D23: 13.99 | E23: - | F23: 17.7 | G23: - | H23: - | I23: -
B24: 16 | C24: Benab Oil | D24: 13.27 | E24: - | F24: 16.1 | G24: - | H24: - | I24: -
B25: 17 | C25: Baffour Gas | D25: - | E25: - | F25: - | G25: 17.61 | H25: - | I25: -
B26: 18 | C26: Beap Energy | D26: 13.73 | E26: - | F26: 17.39 | G26: - | H26: - | I26: -
B27: 19 | C27: BG Petroleum | D27: 13.85 | E27: - | F27: 17.97 | G27: - | H27: - | I27: -
B28: 20 | C28: Bloom Petroleum | D28: 13.99 | E28: - | F28: 16.99 | G28: - | H28: - | I28: -
B29: 21 | C29: Brogan Energy | D29: 13.57 | E29: - | F29: 15.55 | G29: - | H29: - | I29: -
B30: 22 | C30: Breedlove | D30: 13.27 | E30: - | F30: 16.1 | G30: - | H30: - | I30: -
B31: 23 | C31: Brent Petroleum | D31: 13.46 | E31: - | F31: 17.69 | G31: - | H31: - | I31: -
B32: 24 | C32: Buffallo | D32: 13.39 | E32: - | F32: 13.99 | G32: - | H32: - | I32: -
B33: 25 | C33: Central Brent | D33: - | E33: - | F33: - | G33: 14.11 | H33: - | I33: -
B34: 26 | C34: Cent Eastern | D34: - | E34: - | F34: - | G34: 16.74 | H34: - | I34: -
B35: 27 | C35: Oil Space | D35: - | E35: - | F35: - | G35: 14.84 | H35: - | I35: -
B36: 28 | C36: Coegan | D36: - | E36: - | F36: - | G36: 17.16 | H36: - | I36: -
B37: 29 | C37: Compass Oleum | D37: 13.85 | E37: - | F37: 16.75 | G37: - | H37: - | I37: -
B38: 30 | C38: Crown Petroleum | D38: 13.99 | E38: - | F38: 16.99 | G38: 18.65 | H38: - | I38: -
B39: 31 | C39: Desert oil | D39: 13.49 | E39: - | F39: 16.49 | G39: - | H39: - | I39: -
B40: 32 | C40: Dejon jones Ltd | D40: 14.21 | E40: - | F40: 16.95 | G40: - | H40: - | I40: -
B41: 33 | C41: Davis Petroleum | D41: 13.99 | E41: - | F41: 16.99 | G41: 15.21 | H41: - | I41: -
B42: 34 | C42: Dukes Petroleum | D42: 13.27 | E42: - | F42: 16.1 | G42: 16.06 | H42: - | I42: -
B43: 35 | C43: E. Windstar Petroleum | D43: 13.55 | E43: - | F43: 16.99 | G43: =G9 -> - | H43: - | I43: -
B44: 36 | C44: Eden Petroleum | D44: 13.45 | E44: - | F44: 17.1 | G44: - | H44: - | I44: -
B45: 37 | C45: Essence Energy | D45: 13.5 | E45: - | F45: 16.8 | G45: - | H45: - | I45: -
B46: 38 | C46: Energetic Petro gh | D46: 14.16 | E46: - | F46: 17.3 | G46: 13.117436 | H46: - | I46: -
B47: 39 | C47: Ex Oil | D47: 13.85 | E47: - | F47: 16.75 | G47: - | H47: - | I47: -
B48: 40 | C48: Earth Energy | D48: 13.99 | E48: - | F48: 17.33 | G48: - | H48: - | I48: -
B49: 41 | C49: EV Oil | D49: 13.9 | E49: - | F49: 17.1 | G49: - | H49: - | I49: -
B50: 42 | C50: Eza Petroleum | D50: 14.35 | E50: - | F50: 18.63 | G50: - | H50: - | I50: -
B51: 43 | C51: First Gas | D51: - | E51: - | F51: - | G51: 16.71 | H51: - | I51: -
B52: 44 | C52: Finest Oil | D52: 13.8 | E52: - | F52: 16.59 | G52: - | H52: - | I52: -
B53: 45 | C53: Fraga Oil | D53: 10.42 | E53: - | F53: 11.64 | G53: - | H53: - | I53: -
B54: 46 | C54: Frimps Oil | D54: 13.27 | E54: - | F54: 16.1 | G54: 12.1 | H54: - | I54: -
B55: 47 | C55: Frontier Oil | D55: 13.35 | E55: - | F55: 16.15 | G55: - | H55: - | I55: -
B56: 48 | C56: Gamma Petroleum | D56: 11.45 | E56: - | F56: 11.49 | G56: - | H56: - | I56: -
B57: 49 | C57: GB Oil | D57: 13.7 | E57: - | F57: 17.7 | G57: 12.8878 | H57: - | I57: -
B58: 50 | C58: Gab Energy | D58: 13.3 | E58: - | F58: 16.59 | G58: - | H58: 13.8 | I58: -
B59: 51 | C59: Gaso oil | D59: 13.49 | E59: - | F59: 17.97 | G59: 15.8 | H59: - | I59: -
B60: 52 | C60: Gogas | D60: - | E60: - | F60: - | G60: 17.61 | H60: - | I60: -
B61: 53 | C61: GOIL | D61: 13.27 | E61: 15.77 | F61: 16.1 | G61: 13.12 | H61: - | I61: 11.12
B62: 54 | C62: Goodness Energy | D62: 13.27 | E62: - | F62: 16.1 | G62: - | H62: - | I62: -
B63: 55 | C63: Gowell Energy | D63: 13.27 | E63: - | F63: 16.1 | G63: - | H63: - | I63: -
B64: 56 | C64: Group Trans africana Ltd | D64: 9.96 | E64: - | F64: 11.96 | G64: - | H64: - | I64: -
B65: 57 | C65: Grid Petroleum | D65: 13.99 | E65: - | F65: 16.99 | G65: - | H65: - | I65: -
B66: 58 | C66: Henos Energy | D66: - | E66: - | F66: - | G66: 14.6578 | H66: - | I66: -
B67: 59 | C67: Hills Oil | D67: - | E67: - | F67: - | G67: 16.71 | H67: - | I67: -
B68: 60 | C68: Huss Petroleum | D68: 13.7 | E68: - | F68: 17.5 | G68: - | H68: - | I68: -
B69: 61 | C69: IBM Petroleum | D69: 13.99 | E69: - | F69: 16.75 | G69: - | H69: - | I69: -
B70: 62 | C70: Icon Energy | D70: 13.27 | E70: - | F70: 16.1 | G70: - | H70: - | I70: =-'Ex-Pump Prices 24th April 2026'!J141 -> 0
B71: 63 | C71: Infin | D71: 13.77 | E71: - | F71: 16.4 | G71: 16.81 | H71: - | I71: -
B72: 64 | C72: JD Link | D72: 13.47 | E72: - | F72: 16.3 | G72: 16.56 | H72: - | I72: -
B73: 65 | C73: Joekona | D73: - | E73: - | F73: - | G73: 16.31 | H73: - | I73: -
B74: 66 | C74: Jusbro | D74: 14.18 | E74: - | F74: 16.72 | G74: 14.58 | H74: - | I74: -
B75: 67 | C75: JP Trustee | D75: 13.27 | E75: 14.97 | F75: 16.1 | G75: - | H75: - | I75: -
B76: 68 | C76: Kabore Oil | D76: 13.95 | E76: - | F76: 16.1 | G76: - | H76: - | I76: -
B77: 69 | C77: Kan Royal | D77: 10.5 | E77: - | F77: 11.45 | G77: - | H77: - | I77: -
B78: 70 | C78: Kaysens | D78: - | E78: - | F78: - | G78: 17.03 | H78: - | I78: -
B79: 71 | C79: Koan Petroleum | D79: 13.27 | E79: - | F79: 16.1 | G79: 15.9 | H79: - | I79: -
B80: 72 | C80: KI Energy | D80: - | E80: - | F80: - | G80: 17.83 | H80: - | I80: -
B81: 73 | C81: Kings Energy | D81: 13.27 | E81: - | F81: 16.1 | G81: - | H81: - | I81: -
B82: 74 | C82: Kingsperp Oil Ltd | D82: 10.52 | E82: - | F82: 11.54 | G82: - | H82: - | I82: -
B83: 75 | C83: La Clem | D83: 13.27 | E83: - | F83: 16.1 | G83: - | H83: - | I83: -
B84: 76 | C84: Lamininbee | D84: - | E84: - | F84: - | G84: 16.56 | H84: - | I84: -
B85: 77 | C85: Lambark Gas | D85: - | E85: - | F85: - | G85: 14.5 | H85: - | I85: -
B86: 78 | C86: Liberty Petroleum | D86: 13.99 | E86: - | F86: 16.8 | G86: - | H86: - | I86: -
B87: 79 | C87: Life Energy | D87: 12.5 | E87: - | F87: 14.35 | G87: - | H87: - | I87: -
B88: 80 | C88: Liss Petroleum | D88: 13.92 | E88: - | F88: 17.9 | G88: - | H88: - | I88: 12.46
B89: 81 | C89: Lucky oil | D89: 13.27 | E89: - | F89: 16.1 | G89: 14.84 | H89: - | I89: -
B90: 82 | C90: Mm Energy | D90: 13.86 | E90: - | F90: 17.95 | G90: - | H90: - | I90: -
B91: 83 | C91: Manbah Gas | D91: - | E91: - | F91: - | G91: 16.56 | H91: - | I91: -
B92: 84 | C92: Maxx Energy | D92: 10.36 | E92: - | F92: 11.55 | G92: 15 | H92: - | I92: -
B93: 85 | C93: Mercy Oil | D93: 13.99 | E93: - | F93: 16.89 | G93: - | H93: - | I93: -
B94: 86 | C94: Midas Oil | D94: - | E94: - | F94: - | G94: 16.86 | H94: - | I94: -
B95: 87 | C95: Mighty Gas | D95: - | E95: - | F95: - | G95: 16.72 | H95: - | I95: -
B96: 88 | C96: Misa Energy | D96: 13.89 | F96: 16.69 | G96: 16.48 | H96: 11.84 | I96: -
B97: 89 | C97: Mobik Energy | D97: 13.69 | E97: - | F97: 16.69 | G97: - | H97: - | I97: -
B98: 90 | C98: More Fuel | D98: 13.27 | E98: - | F98: 16.1 | G98: - | H98: - | I98: -
B99: 91 | C99: Naagamni | D99: 13.27 | E99: - | F99: 16.1 | G99: - | H99: - | I99: 11.36
B100: 92 | C100: Nasona | D100: 13.9 | E100: - | F100: 16.5 | G100: - | H100: - | I100: -
B101: 93 | C101: Nexbons | D101: - | E101: - | F101: - | G101: 17.45 | H101: - | I101: -
B102: 94 | C102: Next Petroleum | D102: 13.5 | E102: - | F102: 17.1 | G102: 14.9 | H102: - | I102: -
B103: 95 | C103: Nick Petroleum | D103: 10.65 | E103: - | F103: 11.75 | G103: - | H103: - | I103: -
B104: 96 | C104: NOVA | D104: 13.3 | E104: - | F104: 17.1 | G104: - | H104: - | I104: -
B105: 97 | C105: N3 Limited | D105: 13.9 | E105: - | F105: 15.65 | G105: - | H105: - | I105: -
...

Sheet Ex-Pump Prices 23rd April 2026
B2: NATIONAL PETROLEUM AUTHORITY
B6: EX-PUMP PRICES OF OMCs/LPGMCs AS OF 23rd APRIL 2026
B8: NO. | C8: COMPANY | D8: REGULAR PETROL - RON 91 (GHS/Lt) | E8: PREMIUM PETROL - RON 95 (GHS/Lt) | F8: DIESEL (GHS/Lt) | G8: LPG (GHS/Kg) | H8: KEROSENE (GHS/Lt) | I8: MGO Local (GHS/Lt)
B9: 1 | C9: Agapet | D9: 14.46 | E9: - | F9: 16.95 | G9: - | H9: - | I9: -
B10: 2 | C10: Aegis huile | D10: 13.5 | E10: - | F10: 17.5 | G10: - | H10: - | I10: -
B11: 3 | C11: Akara Energy | D11: 13.27 | E11: - | F11: 16.1 | G11: - | H11: - | I11: -
B12: 4 | C12: AI Energy | D12: 13.89 | E12: - | F12: 16.99 | G12: - | H12: - | I12: -
B13: 5 | C13: Allied Oil | D13: 13.27 | E13: - | F13: 16.1 | G13: - | H13: - | I13: -
B14: 6 | C14: Alinco | D14: 13.27 | E14: - | F14: 16.1 | G14: - | H14: - | I14: -
B15: 7 | C15: Alive Gas | D15: - | E15: - | F15: - | G15: 16.56 | H15: - | I15: -
B16: 8 | C16: Aminso Energy | D16: 12 | E16: - | F16: 12.58 | G16: - | H16: - | I16: -
B17: 9 | C17: Anasset | D17: - | E17: - | F17: - | G17: 16.7 | H17: - | I17: -
B18: 10 | C18: Andev | D18: - | E18: - | F18: - | G18: 16.76 | H18: - | I18: -
B19: 11 | C19: Annandale | D19: - | E19: - | F19: - | G19: 16.61 | H19: - | I19: -
B20: 12 | C20: Amdaway | D20: 13.27 | E20: - | F20: 16.1 | G20: - | H20: - | I20: -
B21: 13 | C21: Aminaser oil | D21: 13.27 | E21: - | F21: 16.1 | G21: - | H21: - | I21: -
B22: 14 | C22: Ap Oil & Gas | D22: 13.55 | E22: - | F22: 17.4 | G22: - | H22: - | I22: -
B23: 15 | C23: April Oil Ghana | D23: 13.99 | E23: - | F23: 17.7 | G23: - | H23: - | I23: -
B24: 16 | C24: Benab Oil | D24: 13.27 | E24: - | F24: 16.1 | G24: - | H24: - | I24: -
B25: 17 | C25: Baffour Gas | D25: - | E25: - | F25: - | G25: 17.61 | H25: - | I25: -
B26: 18 | C26: Beap Energy | D26: 13.73 | E26: - | F26: 17.39 | G26: - | H26: - | I26: -
B27: 19 | C27: BG Petroleum | D27: 13.85 | E27: - | F27: 17.97 | G27: - | H27: - | I27: -
B28: 20 | C28: Bloom Petroleum | D28: 13.99 | E28: - | F28: 16.99 | G28: - | H28: - | I28: -
B29: 21 | C29: Brogan Energy | D29: 13.57 | E29: - | F29: 15.55 | G29: - | H29: - | I29: -
B30: 22 | C30: Breedlove | D30: 13.27 | E30: - | F30: 16.1 | G30: - | H30: - | I30: -
B31: 23 | C31: Brent Petroleum | D31: 13.46 | E31: - | F31: 17.69 | G31: - | H31: - | I31: -
B32: 24 | C32: Buffallo | D32: 13.39 | E32: - | F32: 13.99 | G32: - | H32: - | I32: -
B33: 25 | C33: Central Brent | D33: - | E33: - | F33: - | G33: 14.11 | H33: - | I33: -
B34: 26 | C34: Cent Eastern | D34: - | E34: - | F34: - | G34: 16.74 | H34: - | I34: -
B35: 27 | C35: Oil Space | D35: - | E35: - | F35: - | G35: 14.84 | H35: - | I35: -
B36: 28 | C36: Coegan | D36: - | E36: - | F36: - | G36: 17.16 | H36: - | I36: -
B37: 29 | C37: Compass Oleum | D37: 13.85 | E37: - | F37: 16.75 | G37: - | H37: - | I37: -
B38: 30 | C38: Crown Petroleum | D38: 13.99 | E38: - | F38: 16.99 | G38: 18.65 | H38: - | I38: -
B39: 31 | C39: Desert oil | D39: 13.59 | E39: - | F39: 17.69 | G39: - | H39: - | I39: -
B40: 32 | C40: Dejon jones Ltd | D40: 14.21 | E40: - | F40: 16.95 | G40: - | H40: - | I40: -
B41: 33 | C41: Davis Petroleum | D41: 13.99 | E41: - | F41: 16.99 | G41: 15.21 | H41: - | I41: -
B42: 34 | C42: Dukes Petroleum | D42: 13.27 | E42: - | F42: 16.1 | G42: 16.06 | H42: - | I42: -
B43: 35 | C43: E. Windstar Petroleum | D43: 13.55 | E43: - | F43: 16.99 | G43: =G9 -> - | H43: - | I43: -
B44: 36 | C44: Eden Petroleum | D44: 13.45 | E44: - | F44: 17.1 | G44: - | H44: - | I44: -
B45: 37 | C45: Essence Energy | D45: 13.5 | E45: - | F45: 16.8 | G45: - | H45: - | I45: -
B46: 38 | C46: Energetic Petro gh | D46: 14.16 | E46: - | F46: 17.3 | G46: 13.117436 | H46: - | I46: -
B47: 39 | C47: Ex Oil | D47: 13.85 | E47: - | F47: 16.75 | G47: - | H47: - | I47: -
B48: 40 | C48: Earth Energy | D48: 13.99 | E48: - | F48: 17.33 | G48: - | H48: - | I48: -
B49: 41 | C49: EV Oil | D49: 13.9 | E49: - | F49: 17.1 | G49: - | H49: - | I49: -
B50: 42 | C50: Eza Petroleum | D50: 14.35 | E50: - | F50: 18.63 | G50: - | H50: - | I50: -
B51: 43 | C51: First Gas | D51: - | E51: - | F51: - | G51: 16.71 | H51: - | I51: -
B52: 44 | C52: Finest Oil | D52: 13.8 | E52: - | F52: 16.59 | G52: - | H52: - | I52: -
B53: 45 | C53: Fraga Oil | D53: 10.42 | E53: - | F53: 11.64 | G53: - | H53: - | I53: -
B54: 46 | C54: Frimps Oil | D54: 13.27 | E54: - | F54: 16.1 | G54: 12.1 | H54: - | I54: -
B55: 47 | C55: Frontier Oil | D55: 13.35 | E55: - | F55: 16.15 | G55: - | H55: - | I55: -
B56: 48 | C56: Gamma Petroleum | D56: 11.45 | E56: - | F56: 11.49 | G56: - | H56: - | I56: -
B57: 49 | C57: GB Oil | D57: 13.7 | E57: - | F57: 17.7 | G57: 12.8878 | H57: - | I57: -
B58: 50 | C58: Gab Energy | D58: 13.57 | E58: - | F58: 17.5 | G58: - | H58: 13.8 | I58: -
B59: 51 | C59: Gaso oil | D59: 13.49 | E59: - | F59: 17.97 | G59: 15.8 | H59: - | I59: -
B60: 52 | C60: Gogas | D60: - | E60: - | F60: - | G60: 17.61 | H60: - | I60: -
B61: 53 | C61: GOIL | D61: 13.27 | E61: 15.77 | F61: 16.1 | G61: 13.12 | H61: - | I61: 11.12
B62: 54 | C62: Goodness Energy | D62: 13.27 | E62: - | F62: 16.1 | G62: - | H62: - | I62: -
B63: 55 | C63: Gowell Energy | D63: 13.27 | E63: - | F63: 16.1 | G63: - | H63: - | I63: -
B64: 56 | C64: Group Trans africana Ltd | D64: 9.96 | E64: - | F64: 11.96 | G64: - | H64: - | I64: -
B65: 57 | C65: Grid Petroleum | D65: 13.99 | E65: - | F65: 16.99 | G65: - | H65: - | I65: -
B66: 58 | C66: Henos Energy | D66: - | E66: - | F66: - | G66: 14.6578 | H66: - | I66: -
B67: 59 | C67: Hills Oil | D67: - | E67: - | F67: - | G67: 16.71 | H67: - | I67: -
B68: 60 | C68: Huss Petroleum | D68: 13.7 | E68: - | F68: 17.5 | G68: - | H68: - | I68: -
B69: 61 | C69: IBM Petroleum | D69: 13.99 | E69: - | F69: 16.75 | G69: - | H69: - | I69: -
B70: 62 | C70: Icon Energy | D70: 13.27 | E70: - | F70: 16.1 | G70: - | H70: - | I70: =-'Ex-Pump Prices 23rd April 2026'!J141 -> 0
B71: 63 | C71: Infin | D71: 13.77 | E71: - | F71: 16.4 | G71: 16.81 | H71: - | I71: -
B72: 64 | C72: JD Link | D72: 13.47 | E72: - | F72: 16.3 | G72: 16.56 | H72: - | I72: -
B73: 65 | C73: Joekona | D73: - | E73: - | F73: - | G73: 16.31 | H73: - | I73: -
B74: 66 | C74: Jusbro | D74: 14.18 | E74: - | F74: 16.72 | G74: 14.58 | H74: - | I74: -
B75: 67 | C75: JP Trustee | D75: 13.27 | E75: 14.97 | F75: 16.1 | G75: - | H75: - | I75: -
B76: 68 | C76: Kabore Oil | D76: 13.95 | E76: - | F76: 16.1 | G76: - | H76: - | I76: -
B77: 69 | C77: Kan Royal | D77: 10.5 | E77: - | F77: 11.45 | G77: - | H77: - | I77: -
B78: 70 | C78: Kaysens | D78: - | E78: - | F78: - | G78: 17.03 | H78: - | I78: -
B79: 71 | C79: Koan Petroleum | D79: 13.27 | E79: - | F79: 16.1 | G79: 15.9 | H79: - | I79: -
B80: 72 | C80: KI Energy | D80: - | E80: - | F80: - | G80: 17.83 | H80: - | I80: -
B81: 73 | C81: Kings Energy | D81: 13.27 | E81: - | F81: 16.1 | G81: - | H81: - | I81: -
B82: 74 | C82: Kingsperp Oil Ltd | D82: 10.52 | E82: - | F82: 11.54 | G82: - | H82: - | I82: -
B83: 75 | C83: La Clem | D83: 13.27 | E83: - | F83: 16.1 | G83: - | H83: - | I83: -
B84: 76 | C84: Lamininbee | D84: - | E84: - | F84: - | G84: 16.56 | H84: - | I84: -
B85: 77 | C85: Lambark Gas | D85: - | E85: - | F85: - | G85: 14.5 | H85: - | I85: -
B86: 78 | C86: Liberty Petroleum | D86: 13.99 | E86: - | F86: 16.8 | G86: - | H86: - | I86: -
B87: 79 | C87: Life Energy | D87: 12.5 | E87: - | F87: 14.35 | G87: - | H87: - | I87: -
B88: 80 | C88: Liss Petroleum | D88: 13.92 | E88: - | F88: 17.9 | G88: - | H88: - | I88: 12.46
B89: 81 | C89: Lucky oil | D89: 13.27 | E89: - | F89: 16.1 | G89: 14.84 | H89: - | I89: -
B90: 82 | C90: Mm Energy | D90: 13.86 | E90: - | F90: 17.95 | G90: - | H90: - | I90: -
B91: 83 | C91: Manbah Gas | D91: - | E91: - | F91: - | G91: 16.76 | H91: - | I91: -
B92: 84 | C92: Maxx Energy | D92: 10.36 | E92: - | F92: 11.55 | G92: 15 | H92: - | I92: -
B93: 85 | C93: Mercy Oil | D93: 13.99 | E93: - | F93: 16.89 | G93: - | H93: - | I93: -
B94: 86 | C94: Midas Oil | D94: - | E94: - | F94: - | G94: 16.86 | H94: - | I94: -
B95: 87 | C95: Mighty Gas | D95: - | E95: - | F95: - | G95: 16.72 | H95: - | I95: -
B96: 88 | C96: Misa Energy | D96: 13.89 | F96: 16.69 | G96: 16.48 | H96: 11.84 | I96: -
B97: 89 | C97: Mobik Energy | D97: 13.69 | E97: - | F97: 16.69 | G97: - | H97: - | I97: -
B98: 90 | C98: More Fuel | D98: 13.27 | E98: - | F98: 16.1 | G98: - | H98: - | I98: -
B99: 91 | C99: Naagamni | D99: 13.27 | E99: - | F99: 16.1 | G99: - | H99: - | I99: 11.36
B100: 92 | C100: Nasona | D100: 13.9 | E100: - | F100: 16.5 | G100: - | H100: - | I100: -
B101: 93 | C101: Nexbons | D101: - | E101: - | F101: - | G101: 17.45 | H101: - | I101: -
B102: 94 | C102: Next Petroleum | D102: 13.5 | E102: - | F102: 17.1 | G102: 14.9 | H102: - | I102: -
B103: 95 | C103: Nick Petroleum | D103: 10.65 | E103: - | F103: 11.75 | G103: - | H103: - | I103: -
B104: 96 | C104: NOVA | D104: 13.3 | E104: - | F104: 17.1 | G104: - | H104: - | I104: -
B105: 97 | C105: N3 Limited | D105: 13.9 | E105: - | F105: 15.65 | G105: - | H105: - | I105: -
...

Sheet Ex-Pump Prices 22nd April 2026
B2: NATIONAL PETROLEUM AUTHORITY
B6: EX-PUMP PRICES OF OMCs/LPGMCs AS OF 22nd APRIL 2026
B8: NO. | C8: COMPANY | D8: REGULAR PETROL - RON 91 (GHS/Lt) | E8: PREMIUM PETROL - RON 95 (GHS/Lt) | F8: DIESEL (GHS/Lt) | G8: LPG (GHS/Kg) | H8: KEROSENE (GHS/Lt) | I8: MGO Local (GHS/Lt)
B9: 1 | C9: Agapet | D9: 14.46 | E9: - | F9: 16.95 | G9: - | H9: - | I9: -
B10: 2 | C10: Aegis huile | D10: 13.5 | E10: - | F10: 17.5 | G10: - | H10: - | I10: -
B11: 3 | C11: Akara Energy | D11: 13.07 | E11: - | F11: 16.05 | G11: - | H11: - | I11: -
B12: 4 | C12: AI Energy | D12: 13.89 | E12: - | F12: 16.99 | G12: - | H12: - | I12: -
B13: 5 | C13: Allied Oil | D13: 13.27 | E13: - | F13: 16.1 | G13: - | H13: - | I13: -
B14: 6 | C14: Alinco | D14: 13.27 | E14: - | F14: 16.1 | G14: - | H14: - | I14: -
B15: 7 | C15: Alive Gas | D15: - | E15: - | F15: - | G15: 16.56 | H15: - | I15: -
B16: 8 | C16: Aminso Energy | D16: 12 | E16: - | F16: 12.58 | G16: - | H16: - | I16: -
B17: 9 | C17: Anasset | D17: =-J5 -> 0 | E17: - | F17: - | G17: 16.7 | H17: - | I17: -
B18: 10 | C18: Andev | D18: - | E18: - | F18: - | G18: 16.76 | H18: - | I18: -
B19: 11 | C19: Annandale | D19: - | E19: - | F19: - | G19: 16.61 | H19: - | I19: -
B20: 12 | C20: Amdaway | D20: 13.27 | E20: - | F20: 16.1 | G20: - | H20: - | I20: -
B21: 13 | C21: Aminaser oil | D21: 13.27 | E21: - | F21: 16.1 | G21: - | H21: - | I21: -
B22: 14 | C22: Ap Oil & Gas | D22: 13.55 | E22: - | F22: 17.4 | G22: - | H22: - | I22: -
B23: 15 | C23: April Oil Ghana | D23: 13.99 | E23: - | F23: 17.7 | G23: - | H23: - | I23: -
B24: 16 | C24: Benab Oil | D24: 13.27 | E24: - | F24: 16.1 | G24: - | H24: - | I24: -
B25: 17 | C25: Baffour Gas | D25: - | E25: - | F25: - | G25: 17.61 | H25: - | I25: -
B26: 18 | C26: Beap Energy | D26: 13.73 | E26: - | F26: 17.39 | G26: - | H26: - | I26: -
B27: 19 | C27: BG Petroleum | D27: 13.85 | E27: - | F27: 17.97 | G27: - | H27: - | I27: -
B28: 20 | C28: Bloom Petroleum | D28: 13.99 | E28: - | F28: 16.99 | G28: - | H28: - | I28: -
B29: 21 | C29: Brogan Energy | D29: 13.57 | E29: - | F29: 15.55 | G29: - | H29: - | I29: -
B30: 22 | C30: Breedlove | D30: 13.27 | E30: - | F30: 16.1 | G30: - | H30: - | I30: -
B31: 23 | C31: Brent Petroleum | D31: 13.46 | E31: - | F31: 17.69 | G31: - | H31: - | I31: -
B32: 24 | C32: Buffallo | D32: 13.39 | E32: - | F32: 13.99 | G32: - | H32: - | I32: -
B33: 25 | C33: Central Brent | D33: - | E33: - | F33: - | G33: 14.11 | H33: - | I33: -
B34: 26 | C34: Cent Eastern | D34: - | E34: - | F34: - | G34: 16.74 | H34: - | I34: -
B35: 27 | C35: Oil Space | D35: - | E35: - | F35: - | G35: 14.84 | H35: - | I35: -
B36: 28 | C36: Coegan | D36: - | E36: - | F36: - | G36: 17.16 | H36: - | I36: -
B37: 29 | C37: Compass Oleum | D37: 13.85 | E37: - | F37: 16.75 | G37: - | H37: - | I37: -
B38: 30 | C38: Crown Petroleum | D38: 13.99 | E38: - | F38: 16.99 | G38: 18.65 | H38: - | I38: -
B39: 31 | C39: Desert oil | D39: 13.59 | E39: - | F39: 17.69 | G39: - | H39: - | I39: -
B40: 32 | C40: Dejon jones Ltd | D40: 14.21 | E40: - | F40: 16.95 | G40: - | H40: - | I40: -
B41: 33 | C41: Davis Petroleum | D41: 13.99 | E41: - | F41: 16.99 | G41: 15.21 | H41: - | I41: -
B42: 34 | C42: Dukes Petroleum | D42: 13.27 | E42: - | F42: 16.1 | G42: 16.06 | H42: - | I42: -
B43: 35 | C43: E. Windstar Petroleum | D43: 13.55 | E43: - | F43: 16.99 | G43: =G9 -> - | H43: - | I43: -
B44: 36 | C44: Eden Petroleum | D44: 13.45 | E44: - | F44: 17.1 | G44: - | H44: - | I44: -
B45: 37 | C45: Essence Energy | D45: 13.5 | E45: - | F45: 16.8 | G45: - | H45: - | I45: -
B46: 38 | C46: Energetic Petro gh | D46: 14.16 | E46: - | F46: 17.3 | G46: 13.117436 | H46: - | I46: -
B47: 39 | C47: Ex Oil | D47: 13.85 | E47: - | F47: 16.75 | G47: - | H47: - | I47: -
B48: 40 | C48: Earth Energy | D48: 13.99 | E48: - | F48: 17.33 | G48: - | H48: - | I48: -
B49: 41 | C49: EV Oil | D49: 13.9 | E49: - | F49: 17.1 | G49: - | H49: - | I49: -
B50: 42 | C50: Eza Petroleum | D50: 14.35 | E50: - | F50: 18.63 | G50: - | H50: - | I50: -
B51: 43 | C51: First Gas | D51: - | E51: - | F51: - | G51: 16.71 | H51: - | I51: -
B52: 44 | C52: Finest Oil | D52: 13.8 | E52: - | F52: 16.59 | G52: - | H52: - | I52: -
B53: 45 | C53: Fraga Oil | D53: 10.42 | E53: - | F53: 11.64 | G53: - | H53: - | I53: -
B54: 46 | C54: Frimps Oil | D54: 13.27 | E54: - | F54: 16.1 | G54: 12.1 | H54: - | I54: -
B55: 47 | C55: Frontier Oil | D55: 13.66 | E55: - | F55: 16.45 | G55: - | H55: - | I55: -
B56: 48 | C56: Gamma Petroleum | D56: 11.45 | E56: - | F56: 11.49 | G56: - | H56: - | I56: -
B57: 49 | C57: GB Oil | D57: 13.7 | E57: - | F57: 17.7 | G57: 12.8878 | H57: - | I57: -
B58: 50 | C58: Gab Energy | D58: 13.57 | E58: - | F58: 17.5 | G58: - | H58: 13.8 | I58: -
B59: 51 | C59: Gaso oil | D59: 13.49 | E59: - | F59: 17.97 | G59: 15.8 | H59: - | I59: -
B60: 52 | C60: Gogas | D60: - | E60: - | F60: - | G60: 17.61 | H60: - | I60: -
B61: 53 | C61: GOIL | D61: 13.27 | E61: 15.77 | F61: 16.1 | G61: 13.12 | H61: - | I61: 11.12
B62: 54 | C62: Goodness Energy | D62: 13.27 | E62: - | F62: 16.1 | G62: - | H62: - | I62: -
B63: 55 | C63: Gowell Energy | D63: 13.27 | E63: - | F63: 16.1 | G63: - | H63: - | I63: -
B64: 56 | C64: Group Trans africana Ltd | D64: 9.96 | E64: - | F64: 11.96 | G64: - | H64: - | I64: -
B65: 57 | C65: Grid Petroleum | D65: 13.99 | E65: - | F65: 16.99 | G65: - | H65: - | I65: -
B66: 58 | C66: Henos Energy | D66: - | E66: - | F66: - | G66: 14.6578 | H66: - | I66: -
B67: 59 | C67: Hills Oil | D67: - | E67: - | F67: - | G67: 16.71 | H67: - | I67: -
B68: 60 | C68: Huss Petroleum | D68: 13.7 | E68: - | F68: 17.5 | G68: - | H68: - | I68: -
B69: 61 | C69: IBM Petroleum | D69: 13.99 | E69: - | F69: 16.75 | G69: - | H69: - | I69: -
B70: 62 | C70: Icon Energy | D70: 13.27 | E70: - | F70: 16.1 | G70: - | H70: - | I70: =-'Ex-Pump Prices 22nd April 2026'!J141 -> 0
B71: 63 | C71: Infin | D71: 13.77 | E71: - | F71: 16.4 | G71: 16.81 | H71: - | I71: -
B72: 64 | C72: JD Link | D72: 13.47 | E72: - | F72: 16.3 | G72: 16.56 | H72: - | I72: -
B73: 65 | C73: Joekona | D73: - | E73: - | F73: - | G73: 16.31 | H73: - | I73: -
B74: 66 | C74: Jusbro | D74: 14.18 | E74: - | F74: 16.72 | G74: 14.58 | H74: - | I74: -
B75: 67 | C75: JP Trustee | D75: 13.27 | E75: 14.97 | F75: 16.1 | G75: - | H75: - | I75: -
B76: 68 | C76: Kabore Oil | D76: 13.95 | E76: - | F76: 16.1 | G76: - | H76: - | I76: -
B77: 69 | C77: Kan Royal | D77: 10.5 | E77: - | F77: 11.45 | G77: - | H77: - | I77: -
B78: 70 | C78: Kaysens | D78: - | E78: - | F78: - | G78: 17.03 | H78: - | I78: -
B79: 71 | C79: Koan Petroleum | D79: 13.27 | E79: - | F79: 16.1 | G79: 15.9 | H79: - | I79: -
B80: 72 | C80: KI Energy | D80: - | E80: - | F80: - | G80: 17.83 | H80: - | I80: -
B81: 73 | C81: Kings Energy | D81: 13.27 | E81: - | F81: 16.1 | G81: - | H81: - | I81: -
B82: 74 | C82: Kingsperp Oil Ltd | D82: 10.52 | E82: - | F82: 11.54 | G82: - | H82: - | I82: -
B83: 75 | C83: La Clem | D83: 13.27 | E83: - | F83: 16.1 | G83: - | H83: - | I83: -
B84: 76 | C84: Lamininbee | D84: - | E84: - | F84: - | G84: 16.56 | H84: - | I84: -
B85: 77 | C85: Lambark Gas | D85: - | E85: - | F85: - | G85: 14.5 | H85: - | I85: -
B86: 78 | C86: Liberty Petroleum | D86: 13.99 | E86: - | F86: 16.8 | G86: - | H86: - | I86: -
B87: 79 | C87: Life Energy | D87: 12.5 | E87: - | F87: 14.35 | G87: - | H87: - | I87: -
B88: 80 | C88: Liss Petroleum | D88: 13.92 | E88: - | F88: 17.9 | G88: - | H88: - | I88: 12.46
B89: 81 | C89: Lucky oil | D89: 13.27 | E89: - | F89: 16.1 | G89: 14.84 | H89: - | I89: -
B90: 82 | C90: Mm Energy | D90: 13.86 | E90: - | F90: 17.95 | G90: - | H90: - | I90: -
B91: 83 | C91: Manbah Gas | D91: - | E91: - | F91: - | G91: 16.76 | H91: - | I91: -
B92: 84 | C92: Maxx Energy | D92: 10.36 | E92: - | F92: 11.55 | G92: 15 | H92: - | I92: -
B93: 85 | C93: Mercy Oil | D93: 13.99 | E93: - | F93: 16.89 | G93: - | H93: - | I93: -
B94: 86 | C94: Midas Oil | D94: - | E94: - | F94: - | G94: 16.86 | H94: - | I94: -
B95: 87 | C95: Mighty Gas | D95: - | E95: - | F95: - | G95: 16.72 | H95: - | I95: -
B96: 88 | C96: Misa Energy | D96: 13.89 | F96: 16.69 | G96: 16.48 | H96: 11.84 | I96: -
B97: 89 | C97: Mobik Energy | D97: 13.99 | E97: - | F97: 17.65 | G97: - | H97: - | I97: -
B98: 90 | C98: More Fuel | D98: 13.27 | E98: - | F98: 16.1 | G98: - | H98: - | I98: -
B99: 91 | C99: Naagamni | D99: 13.27 | E99: - | F99: 16.1 | G99: - | H99: - | I99: 11.36
B100: 92 | C100: Nasona | D100: 14 | E100: - | F100: 17.1 | G100: - | H100: - | I100: -
B101: 93 | C101: Nexbons | D101: - | E101: - | F101: - | G101: 17.45 | H101: - | I101: -
B102: 94 | C102: Next Petroleum | D102: 13.5 | E102: - | F102: 17.1 | G102: 14.9 | H102: - | I102: -
B103: 95 | C103: Nick Petroleum | D103: 10.65 | E103: - | F103: 11.75 | G103: - | H103: - | I103: -
B104: 96 | C104: NOVA | D104: 13.3 | E104: - | F104: 17.1 | G104: - | H104: - | I104: -
B105: 97 | C105: N3 Limited | D105: 13.9 | E105: - | F105: 15.65 | G105: - | H105: - | I105: -
...

Sheet Ex-Pump Prices 21st April 2026
B2: NATIONAL PETROLEUM AUTHORITY
B6: EX-PUMP PRICES OF OMCs/LPGMCs AS OF 21st APRIL 2026
B8: NO. | C8: COMPANY | D8: REGULAR PETROL - RON 91 (GHS/Lt) | E8: PREMIUM PETROL - RON 95 (GHS/Lt) | F8: DIESEL (GHS/Lt) | G8: LPG (GHS/Kg) | H8: KEROSENE (GHS/Lt) | I8: MGO Local (GHS/Lt)
B9: 1 | C9: Agapet | D9: 14.46 | E9: - | F9: 16.95 | G9: - | H9: - | I9: -
B10: 2 | C10: Aegis huile | D10: 13.5 | E10: - | F10: 17.5 | G10: - | H10: - | I10: -
B11: 3 | C11: Akara Energy | D11: 13.07 | E11: - | F11: 16.05 | G11: - | H11: - | I11: -
B12: 4 | C12: AI Energy | D12: 13.89 | E12: - | F12: 16.99 | G12: - | H12: - | I12: -
B13: 5 | C13: Allied Oil | D13: 13.27 | E13: - | F13: 16.1 | G13: - | H13: - | I13: -
B14: 6 | C14: Alinco | D14: 13.27 | E14: - | F14: 16.1 | G14: - | H14: - | I14: -
B15: 7 | C15: Alive Gas | D15: - | E15: - | F15: - | G15: 16.56 | H15: - | I15: -
B16: 8 | C16: Aminso Energy | D16: 12 | E16: - | F16: 12.58 | G16: - | H16: - | I16: -
B17: 9 | C17: Anasset | D17: =-J5 -> 0 | E17: - | F17: - | G17: 16.7 | H17: - | I17: -
B18: 10 | C18: Andev | D18: - | E18: - | F18: - | G18: 16.76 | H18: - | I18: -
B19: 11 | C19: Annandale | D19: - | E19: - | F19: - | G19: 16.61 | H19: - | I19: -
B20: 12 | C20: Amdaway | D20: 13.56 | E20: - | F20: 17.56 | G20: - | H20: - | I20: -
B21: 13 | C21: Aminaser oil | D21: 13.27 | E21: - | F21: 16.1 | G21: - | H21: - | I21: -
B22: 14 | C22: Ap Oil & Gas | D22: 13.55 | E22: - | F22: 17.4 | G22: - | H22: - | I22: -
B23: 15 | C23: April Oil Ghana | D23: 13.99 | E23: - | F23: 17.7 | G23: - | H23: - | I23: -
B24: 16 | C24: Benab Oil | D24: 13.27 | E24: - | F24: 16.1 | G24: - | H24: - | I24: -
B25: 17 | C25: Baffour Gas | D25: - | E25: - | F25: - | G25: 17.61 | H25: - | I25: -
B26: 18 | C26: Beap Energy | D26: 13.73 | E26: - | F26: 17.39 | G26: - | H26: - | I26: -
B27: 19 | C27: BG Petroleum | D27: 13.85 | E27: - | F27: 17.97 | G27: - | H27: - | I27: -
B28: 20 | C28: Bloom Petroleum | D28: 13.99 | E28: - | F28: 16.99 | G28: - | H28: - | I28: -
B29: 21 | C29: Brogan Energy | D29: 13.57 | E29: - | F29: 15.55 | G29: - | H29: - | I29: -
B30: 22 | C30: Breedlove | D30: 13.27 | E30: - | F30: 16.1 | G30: - | H30: - | I30: -
B31: 23 | C31: Brent Petroleum | D31: 13.46 | E31: - | F31: 17.69 | G31: - | H31: - | I31: -
B32: 24 | C32: Buffallo | D32: 13.39 | E32: - | F32: 13.99 | G32: - | H32: - | I32: -
B33: 25 | C33: Central Brent | D33: - | E33: - | F33: - | G33: 14.11 | H33: - | I33: -
B34: 26 | C34: Cent Eastern | D34: - | E34: - | F34: - | G34: 16.74 | H34: - | I34: -
B35: 27 | C35: Oil Space | D35: - | E35: - | F35: - | G35: 14.84 | H35: - | I35: -
B36: 28 | C36: Coegan | D36: - | E36: - | F36: - | G36: 17.16 | H36: - | I36: -
B37: 29 | C37: Compass Oleum | D37: 13.85 | E37: - | F37: 16.75 | G37: - | H37: - | I37: -
B38: 30 | C38: Crown Petroleum | D38: 13.99 | E38: - | F38: 16.99 | G38: 18.65 | H38: - | I38: -
B39: 31 | C39: Desert oil | D39: 13.59 | E39: - | F39: 17.69 | G39: - | H39: - | I39: -
B40: 32 | C40: Dejon jones Ltd | D40: 14.21 | E40: - | F40: 16.95 | G40: - | H40: - | I40: -
B41: 33 | C41: Davis Petroleum | D41: 13.99 | E41: - | F41: 16.99 | G41: 15.21 | H41: - | I41: -
B42: 34 | C42: Dukes Petroleum | D42: 13.27 | E42: - | F42: 16.1 | G42: 16.06 | H42: - | I42: -
B43: 35 | C43: E. Windstar Petroleum | D43: 13.55 | E43: - | F43: 16.99 | G43: =G9 -> - | H43: - | I43: -
B44: 36 | C44: Eden Petroleum | D44: 13.45 | E44: - | F44: 17.1 | G44: - | H44: - | I44: -
B45: 37 | C45: Essence Energy | D45: 14.3 | E45: - | F45: 18.3 | G45: - | H45: - | I45: -
B46: 38 | C46: Energetic Petro gh | D46: 14.16 | E46: - | F46: 17.3 | G46: 13.117436 | H46: - | I46: -
B47: 39 | C47: Ex Oil | D47: 13.85 | E47: - | F47: 16.75 | G47: - | H47: - | I47: -
B48: 40 | C48: Earth Energy | D48: 13.99 | E48: - | F48: 17.33 | G48: - | H48: - | I48: -
B49: 41 | C49: EV Oil | D49: 13.9 | E49: - | F49: 17.1 | G49: - | H49: - | I49: -
B50: 42 | C50: Eza Petroleum | D50: 14.35 | E50: - | F50: 18.63 | G50: - | H50: - | I50: -
B51: 43 | C51: First Gas | D51: - | E51: - | F51: - | G51: 16.71 | H51: - | I51: -
B52: 44 | C52: Finest Oil | D52: 13.8 | E52: - | F52: 16.59 | G52: - | H52: - | I52: -
B53: 45 | C53: Fraga Oil | D53: 10.42 | E53: - | F53: 11.64 | G53: - | H53: - | I53: -
B54: 46 | C54: Frimps Oil | D54: 13.27 | E54: - | F54: 16.1 | G54: 12.1 | H54: - | I54: -
B55: 47 | C55: Frontier Oil | D55: 13.66 | E55: - | F55: 16.45 | G55: - | H55: - | I55: -
B56: 48 | C56: Gamma Petroleum | D56: 11.45 | E56: - | F56: 11.49 | G56: - | H56: - | I56: -
B57: 49 | C57: GB Oil | D57: 13.7 | E57: - | F57: 17.7 | G57: 12.8878 | H57: - | I57: -
B58: 50 | C58: Gab Energy | D58: 13.57 | E58: - | F58: 17.5 | G58: - | H58: 13.8 | I58: -
B59: 51 | C59: Gaso oil | D59: 13.49 | E59: - | F59: 17.97 | G59: 15.8 | H59: - | I59: -
B60: 52 | C60: Gogas | D60: - | E60: - | F60: - | G60: 17.61 | H60: - | I60: -
B61: 53 | C61: GOIL | D61: 13.27 | E61: 15.77 | F61: 16.1 | G61: 13.12 | H61: - | I61: 11.12
B62: 54 | C62: Goodness Energy | D62: 13.27 | E62: - | F62: 16.1 | G62: - | H62: - | I62: -
B63: 55 | C63: Gowell Energy | D63: 13.27 | E63: - | F63: 16.1 | G63: - | H63: - | I63: -
B64: 56 | C64: Group Trans africana Ltd | D64: 9.96 | E64: - | F64: 11.96 | G64: - | H64: - | I64: -
B65: 57 | C65: Grid Petroleum | D65: 13.99 | E65: - | F65: 17.99 | G65: - | H65: - | I65: -
B66: 58 | C66: Henos Energy | D66: - | E66: - | F66: - | G66: 14.6578 | H66: - | I66: -
B67: 59 | C67: Hills Oil | D67: - | E67: - | F67: - | G67: 16.71 | H67: - | I67: -
B68: 60 | C68: Huss Petroleum | D68: 13.7 | E68: - | F68: 17.5 | G68: - | H68: - | I68: -
B69: 61 | C69: IBM Petroleum | D69: 13.99 | E69: - | F69: 16.75 | G69: - | H69: - | I69: -
B70: 62 | C70: Icon Energy | D70: 13.27 | E70: - | F70: 16.1 | G70: - | H70: - | I70: =-'Ex-Pump Prices 21st April 2026'!J141 -> 0
B71: 63 | C71: Infin | D71: 13.77 | E71: - | F71: 16.4 | G71: 16.81 | H71: - | I71: -
B72: 64 | C72: JD Link | D72: 13.47 | E72: - | F72: 16.3 | G72: 16.56 | H72: - | I72: -
B73: 65 | C73: Joekona | D73: - | E73: - | F73: - | G73: 16.31 | H73: - | I73: -
B74: 66 | C74: Jusbro | D74: 14.18 | E74: - | F74: 16.72 | G74: 14.58 | H74: - | I74: -
B75: 67 | C75: JP Trustee | D75: 13.27 | E75: 14.97 | F75: 16.1 | G75: - | H75: - | I75: -
B76: 68 | C76: Kabore Oil | D76: 13.95 | E76: - | F76: 16.1 | G76: - | H76: - | I76: -
B77: 69 | C77: Kan Royal | D77: 10.5 | E77: - | F77: 11.45 | G77: - | H77: - | I77: -
B78: 70 | C78: Kaysens | D78: - | E78: - | F78: - | G78: 17.03 | H78: - | I78: -
B79: 71 | C79: Koan Petroleum | D79: 13.27 | E79: - | F79: 16.1 | G79: 15.9 | H79: - | I79: -
B80: 72 | C80: KI Energy | D80: - | E80: - | F80: - | G80: 17.83 | H80: - | I80: -
B81: 73 | C81: Kings Energy | D81: 13.3 | E81: - | F81: 17.49 | G81: - | H81: - | I81: -
B82: 74 | C82: Kingsperp Oil Ltd | D82: 10.52 | E82: - | F82: 11.54 | G82: - | H82: - | I82: -
B83: 75 | C83: La Clem | D83: 13.27 | E83: - | F83: 16.1 | G83: - | H83: - | I83: -
B84: 76 | C84: Lamininbee | D84: - | E84: - | F84: - | G84: 16.56 | H84: - | I84: -
B85: 77 | C85: Lambark Gas | D85: - | E85: - | F85: - | G85: 14.5 | H85: - | I85: -
B86: 78 | C86: Liberty Petroleum | D86: 13.99 | E86: - | F86: 16.8 | G86: - | H86: - | I86: -
B87: 79 | C87: Life Energy | D87: 12.5 | E87: - | F87: 14.35 | G87: - | H87: - | I87: -
B88: 80 | C88: Liss Petroleum | D88: 13.92 | E88: - | F88: 17.9 | G88: - | H88: - | I88: 12.46
B89: 81 | C89: Lucky oil | D89: 13.27 | E89: - | F89: 16.1 | G89: 14.84 | H89: - | I89: -
B90: 82 | C90: Mm Energy | D90: 13.86 | E90: - | F90: 17.95 | G90: - | H90: - | I90: -
B91: 83 | C91: Manbah Gas | D91: - | E91: - | F91: - | G91: 16.76 | H91: - | I91: -
B92: 84 | C92: Maxx Energy | D92: 10.36 | E92: - | F92: 11.55 | G92: 15 | H92: - | I92: -
B93: 85 | C93: Mercy Oil | D93: 14.69 | E93: - | F93: 17.69 | G93: - | H93: - | I93: -
B94: 86 | C94: Midas Oil | D94: - | E94: - | F94: - | G94: 16.86 | H94: - | I94: -
B95: 87 | C95: Mighty Gas | D95: - | E95: - | F95: - | G95: 16.72 | H95: - | I95: -
B96: 88 | C96: Misa Energy | D96: 13.89 | F96: 16.69 | G96: 16.48 | H96: 11.84 | I96: -
B97: 89 | C97: Mobik Energy | D97: 13.99 | E97: - | F97: 17.65 | G97: - | H97: - | I97: -
B98: 90 | C98: More Fuel | D98: 13.27 | E98: - | F98: 16.1 | G98: - | H98: - | I98: -
B99: 91 | C99: Naagamni | D99: 13.27 | E99: - | F99: 16.1 | G99: - | H99: - | I99: 11.36
B100: 92 | C100: Nasona | D100: 14 | E100: - | F100: 17.1 | G100: - | H100: - | I100: -
B101: 93 | C101: Nexbons | D101: - | E101: - | F101: - | G101: 17.45 | H101: - | I101: -
B102: 94 | C102: Next Petroleum | D102: 13.5 | E102: - | F102: 17.1 | G102: 14.9 | H102: - | I102: -
B103: 95 | C103: Nick Petroleum | D103: 10.65 | E103: - | F103: 11.75 | G103: - | H103: - | I103: -
B104: 96 | C104: NOVA | D104: 13.3 | E104: - | F104: 17.1 | G104: - | H104: - | I104: -
B105: 97 | C105: N3 Limited | D105: 13.9 | E105: - | F105: 15.65 | G105: - | H105: - | I105: -
...

Sheet Ex-Pump Prices 20th April 2026
B2: NATIONAL PETROLEUM AUTHORITY
B6: EX-PUMP PRICES OF OMCs/LPGMCs AS OF 20th APRIL 2026
B8: NO. | C8: COMPANY | D8: REGULAR PETROL - RON 91 (GHS/Lt) | E8: PREMIUM PETROL - RON 95 (GHS/Lt) | F8: DIESEL (GHS/Lt) | G8: LPG (GHS/Kg) | H8: KEROSENE (GHS/Lt) | I8: MGO Local (GHS/Lt)
B9: 1 | C9: Agapet | D9: 14.46 | E9: - | F9: 16.95 | G9: - | H9: - | I9: -
B10: 2 | C10: Aegis huile | D10: 13.5 | E10: - | F10: 17.5 | G10: - | H10: - | I10: -
B11: 3 | C11: Akara Energy | D11: 13.07 | E11: - | F11: 16.05 | G11: - | H11: - | I11: -
B12: 4 | C12: AI Energy | D12: 13.89 | E12: - | F12: 16.99 | G12: - | H12: - | I12: -
B13: 5 | C13: Allied Oil | D13: 13.27 | E13: - | F13: 16.1 | G13: - | H13: - | I13: -
B14: 6 | C14: Alinco | D14: 13.27 | E14: - | F14: 16.1 | G14: - | H14: - | I14: -
B15: 7 | C15: Alive Gas | D15: - | E15: - | F15: - | G15: 16.56 | H15: - | I15: -
B16: 8 | C16: Aminso Energy | D16: 12 | E16: - | F16: 12.58 | G16: - | H16: - | I16: -
B17: 9 | C17: Anasset | D17: =-J5 -> 0 | E17: - | F17: - | G17: 16.7 | H17: - | I17: -
B18: 10 | C18: Andev | D18: - | E18: - | F18: - | G18: 16.76 | H18: - | I18: -
B19: 11 | C19: Annandale | D19: - | E19: - | F19: - | G19: 16.61 | H19: - | I19: -
B20: 12 | C20: Amdaway | D20: 13.56 | E20: - | F20: 17.56 | G20: - | H20: - | I20: -
B21: 13 | C21: Aminaser oil | D21: 13.27 | E21: - | F21: 16.1 | G21: - | H21: - | I21: -
B22: 14 | C22: Ap Oil & Gas | D22: 13.55 | E22: - | F22: 17.4 | G22: - | H22: - | I22: -
B23: 15 | C23: April Oil Ghana | D23: 13.99 | E23: - | F23: 17.7 | G23: - | H23: - | I23: -
B24: 16 | C24: Benab Oil | D24: 13.27 | E24: - | F24: 16.1 | G24: - | H24: - | I24: -
B25: 17 | C25: Baffour Gas | D25: - | E25: - | F25: - | G25: 15.5 | H25: - | I25: -
B26: 18 | C26: Beap Energy | D26: 13.73 | E26: - | F26: 17.39 | G26: - | H26: - | I26: -
B27: 19 | C27: BG Petroleum | D27: 13.85 | E27: - | F27: 17.97 | G27: - | H27: - | I27: -
B28: 20 | C28: Bloom Petroleum | D28: 13.99 | E28: - | F28: 16.99 | G28: - | H28: - | I28: -
B29: 21 | C29: Brogan Energy | D29: 13.57 | E29: - | F29: 15.55 | G29: - | H29: - | I29: -
B30: 22 | C30: Breedlove | D30: 13.27 | E30: - | F30: 16.1 | G30: - | H30: - | I30: -
B31: 23 | C31: Brent Petroleum | D31: 13.46 | E31: - | F31: 17.69 | G31: - | H31: - | I31: -
B32: 24 | C32: Buffallo | D32: 13.39 | E32: - | F32: 13.99 | G32: - | H32: - | I32: -
B33: 25 | C33: Central Brent | D33: - | E33: - | F33: - | G33: 14.11 | H33: - | I33: -
B34: 26 | C34: Cent Eastern | D34: - | E34: - | F34: - | G34: 17.01 | H34: - | I34: -
B35: 27 | C35: Oil Space | D35: - | E35: - | F35: - | G35: 14.84 | H35: - | I35: -
B36: 28 | C36: Coegan | D36: - | E36: - | F36: - | G36: 17.16 | H36: - | I36: -
B37: 29 | C37: Compass Oleum | D37: 13.85 | E37: - | F37: 16.75 | G37: - | H37: - | I37: -
B38: 30 | C38: Crown Petroleum | D38: 14.32 | E38: - | F38: 18.1 | G38: 18.53 | H38: - | I38: -
B39: 31 | C39: Desert oil | D39: 13.59 | E39: - | F39: 17.69 | G39: - | H39: - | I39: -
B40: 32 | C40: Dejon jones Ltd | D40: 14.21 | E40: - | F40: 16.95 | G40: - | H40: - | I40: -
B41: 33 | C41: Davis Petroleum | D41: 13.99 | E41: - | F41: 16.99 | G41: 15.21 | H41: - | I41: -
B42: 34 | C42: Dukes Petroleum | D42: 13.3 | E42: - | F42: 17.1 | G42: 14.11 | H42: - | I42: -
B43: 35 | C43: E. Windstar Petroleum | D43: 13.55 | E43: - | F43: 16.99 | G43: =G9 -> - | H43: - | I43: -
B44: 36 | C44: Eden Petroleum | D44: 13.45 | E44: - | F44: 17.1 | G44: - | H44: - | I44: -
B45: 37 | C45: Essence Energy | D45: 14.3 | E45: - | F45: 18.3 | G45: - | H45: - | I45: -
B46: 38 | C46: Energetic Petro gh | D46: 14.16 | E46: - | F46: 17 | G46: 13.117436 | H46: - | I46: -
B47: 39 | C47: Ex Oil | D47: 13.85 | E47: - | F47: 16.75 | G47: - | H47: - | I47: -
B48: 40 | C48: Earth Energy | D48: 13.99 | E48: - | F48: 17.33 | G48: - | H48: - | I48: -
B49: 41 | C49: EV Oil | D49: 13.9 | E49: - | F49: 17.1 | G49: - | H49: - | I49: -
B50: 42 | C50: Eza Petroleum | D50: 12.25 | E50: - | F50: 13.33 | G50: - | H50: - | I50: -
B51: 43 | C51: First Gas | D51: - | E51: - | F51: - | G51: 15 | H51: - | I51: -
B52: 44 | C52: Finest Oil | D52: 13.8 | E52: - | F52: 16.59 | G52: - | H52: - | I52: -
B53: 45 | C53: Fraga Oil | D53: 10.42 | E53: - | F53: 11.64 | G53: - | H53: - | I53: -
B54: 46 | C54: Frimps Oil | D54: 13.27 | E54: - | F54: 16.1 | G54: 12.1 | H54: - | I54: -
B55: 47 | C55: Frontier Oil | D55: 13.66 | E55: - | F55: 16.45 | G55: - | H55: - | I55: -
B56: 48 | C56: Gamma Petroleum | D56: 11.45 | E56: - | F56: 11.49 | G56: - | H56: - | I56: -
B57: 49 | C57: GB Oil | D57: 13.7 | E57: - | F57: 17.7 | G57: 12.8878 | H57: - | I57: -
B58: 50 | C58: Gab Energy | D58: 13.57 | E58: - | F58: 17.5 | G58: - | H58: 13.8 | I58: -
B59: 51 | C59: Gaso oil | D59: 13.49 | E59: - | F59: 17.97 | G59: 15.8 | H59: - | I59: -
B60: 52 | C60: Gogas | D60: - | E60: - | F60: - | G60: 15.5 | H60: - | I60: -
B61: 53 | C61: GOIL | D61: 13.27 | E61: 15.77 | F61: 16.1 | G61: 13.12 | H61: - | I61: 11.12
B62: 54 | C62: Goodness Energy | D62: 13.27 | E62: - | F62: 16.1 | G62: - | H62: - | I62: -
B63: 55 | C63: Gowell Energy | D63: 13.27 | E63: - | F63: 16.1 | G63: - | H63: - | I63: -
B64: 56 | C64: Group Trans africana Ltd | D64: 9.96 | E64: - | F64: 11.96 | G64: - | H64: - | I64: -
B65: 57 | C65: Grid Petroleum | D65: 13.99 | E65: - | F65: 17.99 | G65: - | H65: - | I65: -
B66: 58 | C66: Henos Energy | D66: - | E66: - | F66: - | G66: 14.6578 | H66: - | I66: -
B67: 59 | C67: Hills Oil | D67: - | E67: - | F67: - | G67: 16.71 | H67: - | I67: -
B68: 60 | C68: Huss Petroleum | D68: 13.7 | E68: - | F68: 17.5 | G68: - | H68: - | I68: -
B69: 61 | C69: IBM Petroleum | D69: 13.99 | E69: - | F69: 16.75 | G69: - | H69: - | I69: -
B70: 62 | C70: Icon Energy | D70: 13.27 | E70: - | F70: 16.1 | G70: - | H70: - | I70: =-'Ex-Pump Prices 20th April 2026'!J141 -> 0
B71: 63 | C71: Infin | D71: 13.99 | E71: - | F71: 17.1 | G71: 16.81 | H71: - | I71: -
B72: 64 | C72: JD Link | D72: 13.47 | E72: - | F72: 16.3 | G72: 16.56 | H72: - | I72: -
B73: 65 | C73: Joekona | D73: - | E73: - | F73: - | G73: 16.31 | H73: - | I73: -
B74: 66 | C74: Jusbro | D74: 14.18 | E74: - | F74: 16.72 | G74: 14.58 | H74: - | I74: -
B75: 67 | C75: JP Trustee | D75: 13.27 | E75: 14.97 | F75: 16.1 | G75: - | H75: - | I75: -
B76: 68 | C76: Kabore Oil | D76: 13.95 | E76: - | F76: 16.1 | G76: - | H76: - | I76: -
B77: 69 | C77: Kan Royal | D77: 10.5 | E77: - | F77: 11.45 | G77: - | H77: - | I77: -
B78: 70 | C78: Kaysens | D78: - | E78: - | F78: - | G78: 17.03 | H78: - | I78: -
B79: 71 | C79: Koan Petroleum | D79: 13.27 | E79: - | F79: 16.1 | G79: 15.9 | H79: - | I79: -
B80: 72 | C80: KI Energy | D80: - | E80: - | F80: - | G80: 17.83 | H80: - | I80: -
B81: 73 | C81: Kings Energy | D81: 13.3 | E81: - | F81: 17.49 | G81: - | H81: - | I81: -
B82: 74 | C82: Kingsperp Oil Ltd | D82: 10.52 | E82: - | F82: 11.54 | G82: - | H82: - | I82: -
B83: 75 | C83: La Clem | D83: 13.27 | E83: - | F83: 16.1 | G83: - | H83: - | I83: -
B84: 76 | C84: Lamininbee | D84: - | E84: - | F84: - | G84: 16.56 | H84: - | I84: -
B85: 77 | C85: Lambark Gas | D85: - | E85: - | F85: - | G85: 14.5 | H85: - | I85: -
B86: 78 | C86: Liberty Petroleum | D86: 13.99 | E86: - | F86: 16.8 | G86: - | H86: - | I86: -
B87: 79 | C87: Life Energy | D87: 12.5 | E87: - | F87: 14.35 | G87: - | H87: - | I87: -
B88: 80 | C88: Liss Petroleum | D88: 13.92 | E88: - | F88: 17.9 | G88: - | H88: - | I88: 12.46
B89: 81 | C89: Lucky oil | D89: 13.27 | E89: - | F89: 16.1 | G89: 14.84 | H89: - | I89: -
B90: 82 | C90: Mm Energy | D90: 13.86 | E90: - | F90: 17.95 | G90: - | H90: - | I90: -
B91: 83 | C91: Manbah Gas | D91: - | E91: - | F91: - | G91: 16.76 | H91: - | I91: -
B92: 84 | C92: Maxx Energy | D92: 10.36 | E92: - | F92: 11.55 | G92: 15 | H92: - | I92: -
B93: 85 | C93: Mercy Oil | D93: 14.69 | E93: - | F93: 17.69 | G93: - | H93: - | I93: -
B94: 86 | C94: Midas Oil | D94: - | E94: - | F94: - | G94: 16.86 | H94: - | I94: -
B95: 87 | C95: Mighty Gas | D95: - | E95: - | F95: - | G95: 16.72 | H95: - | I95: -
B96: 88 | C96: Misa Energy | D96: 13.89 | F96: 16.69 | G96: 16.48 | H96: 11.84 | I96: -
B97: 89 | C97: Mobik Energy | D97: 13.99 | E97: - | F97: 17.65 | G97: - | H97: - | I97: -
B98: 90 | C98: More Fuel | D98: 13.27 | E98: - | F98: 16.1 | G98: - | H98: - | I98: -
B99: 91 | C99: Naagamni | D99: 13.27 | E99: - | F99: 16.1 | G99: - | H99: - | I99: 11.36
B100: 92 | C100: Nasona | D100: 14 | E100: - | F100: 17.1 | G100: - | H100: - | I100: -
B101: 93 | C101: Nexbons | D101: - | E101: - | F101: - | G101: 17.45 | H101: - | I101: -
B102: 94 | C102: Next Petroleum | D102: 13.5 | E102: - | F102: 17.1 | G102: 14.9 | H102: - | I102: -
B103: 95 | C103: Nick Petroleum | D103: 10.65 | E103: - | F103: 11.75 | G103: - | H103: - | I103: -
B104: 96 | C104: NOVA | D104: 13.3 | E104: - | F104: 17.1 | G104: - | H104: - | I104: -
B105: 97 | C105: N3 Limited | D105: 13.9 | E105: - | F105: 15.65 | G105: - | H105: - | I105: -
...

Sheet Ex-Pump Prices 17th April 2026
B2: NATIONAL PETROLEUM AUTHORITY
B6: EX-PUMP PRICES OF OMCs/LPGMCs AS OF 17th APRIL 2026
B8: NO. | C8: COMPANY | D8: REGULAR PETROL - RON 91 (GHS/Lt) | E8: PREMIUM PETROL - RON 95 (GHS/Lt) | F8: DIESEL (GHS/Lt) | G8: LPG (GHS/Kg) | H8: KEROSENE (GHS/Lt) | I8: MGO Local (GHS/Lt)
B9: 1 | C9: Agapet | D9: 14.46 | E9: - | F9: 16.95 | G9: - | H9: - | I9: -
B10: 2 | C10: Aegis huile | D10: 13.5 | E10: - | F10: 17.5 | G10: - | H10: - | I10: -
B11: 3 | C11: Akara Energy | D11: 13.07 | E11: - | F11: 16.05 | G11: - | H11: - | I11: -
B12: 4 | C12: AI Energy | D12: 13.89 | E12: - | F12: 16.99 | G12: - | H12: - | I12: -
B13: 5 | C13: Allied Oil | D13: 13.3 | E13: - | F13: 17.5 | G13: - | H13: - | I13: -
B14: 6 | C14: Alinco | D14: 13.27 | E14: - | F14: 16.1 | G14: - | H14: - | I14: -
B15: 7 | C15: Alive Gas | D15: - | E15: - | F15: - | G15: 15.81 | H15: - | I15: -
B16: 8 | C16: Aminso Energy | D16: 12 | E16: - | F16: 12.58 | G16: - | H16: - | I16: -
B17: 9 | C17: Anasset | D17: =-J5 -> 0 | E17: - | F17: - | G17: 16.7 | H17: - | I17: -
B18: 10 | C18: Andev | D18: - | E18: - | F18: - | G18: 16.76 | H18: - | I18: -
B19: 11 | C19: Annandale | D19: - | E19: - | F19: - | G19: 16.61 | H19: - | I19: -
B20: 12 | C20: Amdaway | D20: 13.56 | E20: - | F20: 17.56 | G20: - | H20: - | I20: -
B21: 13 | C21: Aminaser oil | D21: 13.3 | E21: - | F21: 17.1 | G21: - | H21: - | I21: -
B22: 14 | C22: Ap Oil & Gas | D22: 13.55 | E22: - | F22: 17.4 | G22: - | H22: - | I22: -
B23: 15 | C23: April Oil Ghana | D23: 13.99 | E23: - | F23: 17.7 | G23: - | H23: - | I23: -
B24: 16 | C24: Benab Oil | D24: 13.27 | E24: - | F24: 16.1 | G24: - | H24: - | I24: -
B25: 17 | C25: Baffour Gas | D25: - | E25: - | F25: - | G25: 15.5 | H25: - | I25: -
B26: 18 | C26: Beap Energy | D26: 13.73 | E26: - | F26: 17.39 | G26: - | H26: - | I26: -
B27: 19 | C27: BG Petroleum | D27: 13.85 | E27: - | F27: 17.97 | G27: - | H27: - | I27: -
B28: 20 | C28: Bloom Petroleum | D28: 14.29 | E28: - | F28: 17.99 | G28: - | H28: - | I28: -
B29: 21 | C29: Brogan Energy | D29: 13.57 | E29: - | F29: 15.55 | G29: - | H29: - | I29: -
B30: 22 | C30: Breedlove | D30: 13.5 | E30: - | F30: 17.5 | G30: - | H30: - | I30: -
B31: 23 | C31: Brent Petroleum | D31: 13.46 | E31: - | F31: 17.69 | G31: - | H31: - | I31: -
B32: 24 | C32: Buffallo | D32: 13.39 | E32: - | F32: 13.99 | G32: - | H32: - | I32: -
B33: 25 | C33: Central Brent | D33: - | E33: - | F33: - | G33: 14.11 | H33: - | I33: -
B34: 26 | C34: Cent Eastern | D34: - | E34: - | F34: - | G34: 17.01 | H34: - | I34: -
B35: 27 | C35: Oil Space | D35: - | E35: - | F35: - | G35: 14.84 | H35: - | I35: -
B36: 28 | C36: Coegan | D36: - | E36: - | F36: - | G36: 17.16 | H36: - | I36: -
B37: 29 | C37: Compass Oleum | D37: 13.85 | E37: - | F37: 16.75 | G37: - | H37: - | I37: -
B38: 30 | C38: Crown Petroleum | D38: 14.32 | E38: - | F38: 18.1 | G38: 18.53 | H38: - | I38: -
B39: 31 | C39: Desert oil | D39: 13.59 | E39: - | F39: 17.69 | G39: - | H39: - | I39: -
B40: 32 | C40: Dejon jones Ltd | D40: 14.21 | E40: - | F40: 16.95 | G40: - | H40: - | I40: -
B41: 33 | C41: Davis Petroleum | D41: 13.99 | E41: - | F41: 16.99 | G41: 15.21 | H41: - | I41: -
B42: 34 | C42: Dukes Petroleum | D42: 13.3 | E42: - | F42: 17.1 | G42: 14.11 | H42: - | I42: -
B43: 35 | C43: E. Windstar Petroleum | D43: 13.8 | E43: - | F43: 18.4 | G43: =G9 -> - | H43: - | I43: -
B44: 36 | C44: Eden Petroleum | D44: 13.45 | E44: - | F44: 17.1 | G44: - | H44: - | I44: -
B45: 37 | C45: Essence Energy | D45: 14.3 | E45: - | F45: 18.3 | G45: - | H45: - | I45: -
B46: 38 | C46: Energetic Petro gh | D46: 14.47 | E46: - | F46: 18.4 | G46: 13.117436 | H46: - | I46: -
B47: 39 | C47: Ex Oil | D47: 13.85 | E47: - | F47: 16.75 | G47: - | H47: - | I47: -
B48: 40 | C48: Earth Energy | D48: 13.99 | E48: - | F48: 17.33 | G48: - | H48: - | I48: -
B49: 41 | C49: EV Oil | D49: 13.9 | E49: - | F49: 17.1 | G49: - | H49: - | I49: -
B50: 42 | C50: Eza Petroleum | D50: 12.25 | E50: - | F50: 13.33 | G50: - | H50: - | I50: -
B51: 43 | C51: First Gas | D51: - | E51: - | F51: - | G51: 15 | H51: - | I51: -
B52: 44 | C52: Finest Oil | D52: 12.99 | E52: - | F52: 15.8 | G52: - | H52: - | I52: -
B53: 45 | C53: Fraga Oil | D53: 10.42 | E53: - | F53: 11.64 | G53: - | H53: - | I53: -
B54: 46 | C54: Frimps Oil | D54: 13.27 | E54: - | F54: 16.1 | G54: 12.1 | H54: - | I54: -
B55: 47 | C55: Frontier Oil | D55: 13.7 | E55: - | F55: 17.7 | G55: - | H55: - | I55: -
B56: 48 | C56: Gamma Petroleum | D56: 11.45 | E56: - | F56: 11.49 | G56: - | H56: - | I56: -
B57: 49 | C57: GB Oil | D57: 13.7 | E57: - | F57: 17.7 | G57: 12.8878 | H57: - | I57: -
B58: 50 | C58: Gab Energy | D58: 13.57 | E58: - | F58: 17.5 | G58: - | H58: 13.8 | I58: -
B59: 51 | C59: Gaso oil | D59: 13.49 | E59: - | F59: 17.97 | G59: 15.8 | H59: - | I59: -
B60: 52 | C60: Gogas | D60: - | E60: - | F60: - | G60: 15.5 | H60: - | I60: -
B61: 53 | C61: GOIL | D61: 13.27 | E61: 15.77 | F61: 16.1 | G61: 13.12 | H61: - | I61: 11.12
B62: 54 | C62: Goodness Energy | D62: 13.27 | E62: - | F62: 16.1 | G62: - | H62: - | I62: -
B63: 55 | C63: Gowell Energy | D63: 13.3 | E63: - | F63: 17.1 | G63: - | H63: - | I63: -
B64: 56 | C64: Group Trans africana Ltd | D64: 9.96 | E64: - | F64: 11.96 | G64: - | H64: - | I64: -
B65: 57 | C65: Grid Petroleum | D65: 13.99 | E65: - | F65: 17.99 | G65: - | H65: - | I65: -
B66: 58 | C66: Henos Energy | D66: - | E66: - | F66: - | G66: 14.6578 | H66: - | I66: -
B67: 59 | C67: Hills Oil | D67: - | E67: - | F67: - | G67: 16.71 | H67: - | I67: -
B68: 60 | C68: Huss Petroleum | D68: 13.7 | E68: - | F68: 17.5 | G68: - | H68: - | I68: -
B69: 61 | C69: IBM Petroleum | D69: 13.99 | E69: - | F69: 16.75 | G69: - | H69: - | I69: -
B70: 62 | C70: Icon Energy | D70: 13.27 | E70: - | F70: 16.1 | G70: - | H70: - | I70: =-'Ex-Pump Prices 17th April 2026'!J141 -> 0
B71: 63 | C71: Infin | D71: 13.99 | E71: - | F71: 17.1 | G71: 16.81 | H71: - | I71: -
B72: 64 | C72: JD Link | D72: 13.47 | E72: - | F72: 16.3 | G72: 16.56 | H72: - | I72: -
B73: 65 | C73: Joekona | D73: - | E73: - | F73: - | G73: 16.31 | H73: - | I73: -
B74: 66 | C74: Jusbro | D74: 14.18 | E74: - | F74: 16.72 | G74: 14.58 | H74: - | I74: -
B75: 67 | C75: JP Trustee | D75: 13.27 | E75: 14.97 | F75: 16.1 | G75: - | H75: - | I75: -
B76: 68 | C76: Kabore Oil | D76: 13.65 | E76: - | F76: 16.1 | G76: - | H76: - | I76: -
B77: 69 | C77: Kan Royal | D77: 10.5 | E77: - | F77: 11.45 | G77: - | H77: - | I77: -
B78: 70 | C78: Kaysens | D78: - | E78: - | F78: - | G78: 17.03 | H78: - | I78: -
B79: 71 | C79: Koan Petroleum | D79: 13.3 | E79: - | F79: 16.15 | G79: 15.9 | H79: - | I79: -
B80: 72 | C80: KI Energy | D80: - | E80: - | F80: - | G80: 17.83 | H80: - | I80: -
B81: 73 | C81: Kings Energy | D81: 13.3 | E81: - | F81: 17.49 | G81: - | H81: - | I81: -
B82: 74 | C82: Kingsperp Oil Ltd | D82: 10.52 | E82: - | F82: 11.54 | G82: - | H82: - | I82: -
B83: 75 | C83: La Clem | D83: 13.27 | E83: - | F83: 16.1 | G83: - | H83: - | I83: -
B84: 76 | C84: Lamininbee | D84: - | E84: - | F84: - | G84: 16.56 | H84: - | I84: -
B85: 77 | C85: Lambark Gas | D85: - | E85: - | F85: - | G85: 14.5 | H85: - | I85: -
B86: 78 | C86: Liberty Petroleum | D86: 13.99 | E86: - | F86: 16.8 | G86: - | H86: - | I86: -
B87: 79 | C87: Life Energy | D87: 12.5 | E87: - | F87: 14.35 | G87: - | H87: - | I87: -
B88: 80 | C88: Liss Petroleum | D88: 13.92 | E88: - | F88: 17.9 | G88: - | H88: - | I88: 12.46
B89: 81 | C89: Lucky oil | D89: 13.85 | E89: - | F89: 17.6 | G89: 14.84 | H89: - | I89: -
B90: 82 | C90: Mm Energy | D90: 14 | E90: - | F90: 17.95 | G90: - | H90: - | I90: -
B91: 83 | C91: Manbah Gas | D91: - | E91: - | F91: - | G91: 16.76 | H91: - | I91: -
B92: 84 | C92: Maxx Energy | D92: 10.36 | E92: - | F92: 11.55 | G92: 15 | H92: - | I92: -
B93: 85 | C93: Mercy Oil | D93: 14.69 | E93: - | F93: 17.69 | G93: - | H93: - | I93: -
B94: 86 | C94: Midas Oil | D94: - | E94: - | F94: - | G94: 16.86 | H94: - | I94: -
B95: 87 | C95: Mighty Gas | D95: - | E95: - | F95: - | G95: 16.72 | H95: - | I95: -
B96: 88 | C96: Misa Energy | D96: 13.89 | F96: 16.69 | G96: 16.48 | H96: 11.84 | I96: -
B97: 89 | C97: Mobik Energy | D97: 13.99 | E97: - | F97: 17.65 | G97: - | H97: - | I97: -
B98: 90 | C98: More Fuel | D98: 13.3 | E98: - | F98: 17.1 | G98: - | H98: - | I98: -
B99: 91 | C99: Naagamni | D99: 13.47 | E99: - | F99: 17.5 | G99: - | H99: - | I99: 11.36
B100: 92 | C100: Nasona | D100: 14.39 | E100: - | F100: 18.49 | G100: - | H100: - | I100: -
B101: 93 | C101: Nexbons | D101: - | E101: - | F101: - | G101: 16.5 | H101: - | I101: -
B102: 94 | C102: Next Petroleum | D102: 13.5 | E102: - | F102: 17.1 | G102: 14.9 | H102: - | I102: -
B103: 95 | C103: Nick Petroleum | D103: 10.65 | E103: - | F103: 11.75 | G103: - | H103: - | I103: -
B104: 96 | C104: NOVA | D104: 13.3 | E104: - | F104: 17.1 | G104: - | H104: - | I104: -
B105: 97 | C105: N3 Limited | D105: 13.9 | E105: - | F105: 15.65 | G105: - | H105: - | I105: -
...

Sheet Ex-Pump Prices 16th April 2026
B2: NATIONAL PETROLEUM AUTHORITY
B6: EX-PUMP PRICES OF OMCs/LPGMCs AS OF 16th APRIL 2026
B8: NO. | C8: COMPANY | D8: REGULAR PETROL - RON 91 (GHS/Lt) | E8: PREMIUM PETROL - RON 95 (GHS/Lt) | F8: DIESEL (GHS/Lt) | G8: LPG (GHS/Kg) | H8: KEROSENE (GHS/Lt) | I8: MGO Local (GHS/Lt)
B9: 1 | C9: Agapet | D9: 14.46 | E9: - | F9: 16.95 | G9: - | H9: - | I9: -
B10: 2 | C10: Aegis huile | D10: 13.39 | E10: - | F10: 16.1 | G10: - | H10: - | I10: -
B11: 3 | C11: Akara Energy | D11: 13.07 | E11: - | F11: 16.05 | G11: - | H11: - | I11: -
B12: 4 | C12: AI Energy | D12: 13.89 | E12: - | F12: 16.99 | G12: - | H12: - | I12: -
B13: 5 | C13: Allied Oil | D13: 13.3 | E13: - | F13: 17.5 | G13: - | H13: - | I13: -
B14: 6 | C14: Alinco | D14: 13.3 | E14: - | F14: 17.1 | G14: - | H14: - | I14: -
B15: 7 | C15: Alive Gas | D15: - | E15: - | F15: - | G15: 15.81 | H15: - | I15: -
B16: 8 | C16: Aminso Energy | D16: 12 | E16: - | F16: 12.58 | G16: - | H16: - | I16: -
B17: 9 | C17: Anasset | D17: =-J5 -> 0 | E17: - | F17: - | G17: 16.7 | H17: - | I17: -
B18: 10 | C18: Andev | D18: - | E18: - | F18: - | G18: 14.91 | H18: - | I18: -
B19: 11 | C19: Annandale | D19: - | E19: - | F19: - | G19: 16.61 | H19: - | I19: -
B20: 12 | C20: Amdaway | D20: 13.56 | E20: - | F20: 17.56 | G20: - | H20: - | I20: -
B21: 13 | C21: Aminaser oil | D21: 13.3 | E21: - | F21: 17.1 | G21: - | H21: - | I21: -
B22: 14 | C22: Ap Oil & Gas | D22: 13.55 | E22: - | F22: 17.4 | G22: - | H22: - | I22: -
B23: 15 | C23: April Oil Ghana | D23: 13.99 | E23: - | F23: 17.7 | G23: - | H23: - | I23: -
B24: 16 | C24: Benab Oil | D24: 13.3 | E24: - | F24: 17.1 | G24: - | H24: - | I24: -
B25: 17 | C25: Baffour Gas | D25: - | E25: - | F25: - | G25: 15.5 | H25: - | I25: -
B26: 18 | C26: Beap Energy | D26: 13.83 | E26: - | F26: 16.99 | G26: - | H26: - | I26: -
B27: 19 | C27: BG Petroleum | D27: 13.85 | E27: - | F27: 17.97 | G27: - | H27: - | I27: -
B28: 20 | C28: Bloom Petroleum | D28: 14.29 | E28: - | F28: 17.99 | G28: - | H28: - | I28: -
B29: 21 | C29: Brogan Energy | D29: 13.57 | E29: - | F29: 15.55 | G29: - | H29: - | I29: -
B30: 22 | C30: Breedlove | D30: 13.5 | E30: - | F30: 17.5 | G30: - | H30: - | I30: -
B31: 23 | C31: Brent Petroleum | D31: 13.46 | E31: - | F31: 17.69 | G31: - | H31: - | I31: -
B32: 24 | C32: Buffallo | D32: 13.39 | E32: - | F32: 13.99 | G32: - | H32: - | I32: -
B33: 25 | C33: Central Brent | D33: - | E33: - | F33: - | G33: 14.11 | H33: - | I33: -
B34: 26 | C34: Cent Eastern | D34: - | E34: - | F34: - | G34: 17.01 | H34: - | I34: -
B35: 27 | C35: Oil Space | D35: - | E35: - | F35: - | G35: 14.84 | H35: - | I35: -
B36: 28 | C36: Coegan | D36: - | E36: - | F36: - | G36: 17.16 | H36: - | I36: -
B37: 29 | C37: Compass Oleum | D37: 14.2 | E37: - | F37: 17.9 | G37: - | H37: - | I37: -
B38: 30 | C38: Crown Petroleum | D38: 14.32 | E38: - | F38: 18.1 | G38: 18.53 | H38: - | I38: -
B39: 31 | C39: Desert oil | D39: 13.59 | E39: - | F39: 17.69 | G39: - | H39: - | I39: -
B40: 32 | C40: Dejon jones Ltd | D40: 14.21 | E40: - | F40: 16.95 | G40: - | H40: - | I40: -
B41: 33 | C41: Davis Petroleum | D41: 13.99 | E41: - | F41: 17.7 | G41: 15.21 | H41: - | I41: -
B42: 34 | C42: Dukes Petroleum | D42: 13.3 | E42: - | F42: 17.1 | G42: 14.11 | H42: - | I42: -
B43: 35 | C43: E. Windstar Petroleum | D43: 13.8 | E43: - | F43: 18.4 | G43: =G9 -> - | H43: - | I43: -
B44: 36 | C44: Eden Petroleum | D44: 13.45 | E44: - | F44: 17.1 | G44: - | H44: - | I44: -
B45: 37 | C45: Essence Energy | D45: 14.3 | E45: - | F45: 18.3 | G45: - | H45: - | I45: -
B46: 38 | C46: Energetic Petro gh | D46: 14.47 | E46: - | F46: 18.4 | G46: 13.117436 | H46: - | I46: -
B47: 39 | C47: Ex Oil | D47: 14.25 | E47: - | F47: 17.95 | G47: - | H47: - | I47: -
B48: 40 | C48: Earth Energy | D48: 13.99 | E48: - | F48: 17.33 | G48: - | H48: - | I48: -
B49: 41 | C49: EV Oil | D49: 13.9 | E49: - | F49: 17.1 | G49: - | H49: - | I49: -
B50: 42 | C50: Eza Petroleum | D50: 12.25 | E50: - | F50: 13.33 | G50: - | H50: - | I50: -
B51: 43 | C51: First Gas | D51: - | E51: - | F51: - | G51: 15 | H51: - | I51: -
B52: 44 | C52: Finest Oil | D52: 12.99 | E52: - | F52: 15.8 | G52: - | H52: - | I52: -
B53: 45 | C53: Fraga Oil | D53: 10.42 | E53: - | F53: 11.64 | G53: - | H53: - | I53: -
B54: 46 | C54: Frimps Oil | D54: 13.27 | E54: - | F54: 16.1 | G54: 12.1 | H54: - | I54: -
B55: 47 | C55: Frontier Oil | D55: 13.7 | E55: - | F55: 17.7 | G55: - | H55: - | I55: -
B56: 48 | C56: Gamma Petroleum | D56: 11.45 | E56: - | F56: 11.49 | G56: - | H56: - | I56: -
B57: 49 | C57: GB Oil | D57: 13.7 | E57: - | F57: 17.7 | G57: 12.8878 | H57: - | I57: -
B58: 50 | C58: Gab Energy | D58: 13.57 | E58: - | F58: 17.5 | G58: - | H58: 13.8 | I58: -
B59: 51 | C59: Gaso oil | D59: 13.49 | E59: - | F59: 17.97 | G59: 15.8 | H59: - | I59: -
B60: 52 | C60: Gogas | D60: - | E60: - | F60: - | G60: 15.5 | H60: - | I60: -
B61: 53 | C61: GOIL | D61: 13.27 | E61: 15.77 | F61: 16.1 | G61: 13.12 | H61: - | I61: 11.12
B62: 54 | C62: Goodness Energy | D62: 13.3 | E62: - | F62: 17.1 | G62: - | H62: - | I62: -
B63: 55 | C63: Gowell Energy | D63: 13.3 | E63: - | F63: 17.1 | G63: - | H63: - | I63: -
B64: 56 | C64: Group Trans africana Ltd | D64: 9.96 | E64: - | F64: 11.96 | G64: - | H64: - | I64: -
B65: 57 | C65: Grid Petroleum | D65: 13.99 | E65: - | F65: 17.99 | G65: - | H65: - | I65: -
B66: 58 | C66: Henos Energy | D66: - | E66: - | F66: - | G66: 14.6578 | H66: - | I66: -
B67: 59 | C67: Hills Oil | D67: - | E67: - | F67: - | G67: 16.71 | H67: - | I67: -
B68: 60 | C68: Huss Petroleum | D68: 14.57 | E68: - | F68: 17.9 | G68: - | H68: - | I68: -
B69: 61 | C69: IBM Petroleum | D69: 15.04 | E69: - | F69: 17.31 | G69: - | H69: - | I69: -
B70: 62 | C70: Icon Energy | D70: 13.3 | E70: - | F70: 17.35 | G70: - | H70: - | I70: =-'Ex-Pump Prices 16th April 2026'!J141 -> 0
B71: 63 | C71: Infin | D71: 13.99 | E71: - | F71: 17.1 | G71: 16.81 | H71: - | I71: -
B72: 64 | C72: JD Link | D72: 13.47 | E72: - | F72: 16.3 | G72: 16.56 | H72: - | I72: -
B73: 65 | C73: Joekona | D73: - | E73: - | F73: - | G73: 16.31 | H73: - | I73: -
B74: 66 | C74: Jusbro | D74: 14.18 | E74: - | F74: 16.72 | G74: 14.58 | H74: - | I74: -
B75: 67 | C75: JP Trustee | D75: 13.27 | E75: 14.97 | F75: 16.1 | G75: - | H75: - | I75: -
B76: 68 | C76: Kabore Oil | D76: 13.99 | E76: - | F76: 17.96 | G76: - | H76: - | I76: -
B77: 69 | C77: Kan Royal | D77: 10.5 | E77: - | F77: 11.45 | G77: - | H77: - | I77: -
B78: 70 | C78: Kaysens | D78: - | E78: - | F78: - | G78: 15.08 | H78: - | I78: -
B79: 71 | C79: Koan Petroleum | D79: 13.7 | E79: - | F79: 17.35 | G79: 15.9 | H79: - | I79: -
B80: 72 | C80: KI Energy | D80: - | E80: - | F80: - | G80: 17.81 | H80: - | I80: -
B81: 73 | C81: Kings Energy | D81: 13.3 | E81: - | F81: 17.49 | G81: - | H81: - | I81: -
B82: 74 | C82: Kingsperp Oil Ltd | D82: 10.52 | E82: - | F82: 11.54 | G82: - | H82: - | I82: -
B83: 75 | C83: La Clem | D83: 13.27 | E83: - | F83: 16.1 | G83: - | H83: - | I83: -
B84: 76 | C84: Lamininbee | D84: - | E84: - | F84: - | G84: 14.91 | H84: - | I84: -
B85: 77 | C85: Lambark Gas | D85: - | E85: - | F85: - | G85: 14.5 | H85: - | I85: -
B86: 78 | C86: Liberty Petroleum | D86: 14.1 | E86: - | F86: 18.39 | G86: - | H86: - | I86: -
B87: 79 | C87: Life Energy | D87: 12.5 | E87: - | F87: 14.35 | G87: - | H87: - | I87: -
B88: 80 | C88: Liss Petroleum | D88: 13.92 | E88: - | F88: 17.9 | G88: - | H88: - | I88: 12.46
B89: 81 | C89: Lucky oil | D89: 13.85 | E89: - | F89: 17.6 | G89: 14.84 | H89: - | I89: -
B90: 82 | C90: Mm Energy | D90: 14 | E90: - | F90: 17.95 | G90: - | H90: - | I90: -
B91: 83 | C91: Manbah Gas | D91: - | E91: - | F91: - | G91: 16.76 | H91: - | I91: -
B92: 84 | C92: Maxx Energy | D92: 10.36 | E92: - | F92: 11.55 | G92: 15 | H92: - | I92: -
B93: 85 | C93: Mercy Oil | D93: 14.69 | E93: - | F93: 17.69 | G93: - | H93: - | I93: -
B94: 86 | C94: Midas Oil | D94: - | E94: - | F94: - | G94: 15.11 | H94: - | I94: -
B95: 87 | C95: Mighty Gas | D95: - | E95: - | F95: - | G95: 15.48 | H95: - | I95: -
B96: 88 | C96: Misa Energy | D96: 13.89 | F96: 16.69 | G96: 16.48 | H96: 11.84 | I96: -
B97: 89 | C97: Mobik Energy | D97: 13.99 | E97: - | F97: 17.65 | G97: - | H97: - | I97: -
B98: 90 | C98: More Fuel | D98: 13.3 | E98: - | F98: 17.1 | G98: - | H98: - | I98: -
B99: 91 | C99: Naagamni | D99: 13.47 | E99: - | F99: 17.5 | G99: - | H99: - | I99: 11.36
B100: 92 | C100: Nasona | D100: 14.39 | E100: - | F100: 18.49 | G100: - | H100: - | I100: -
B101: 93 | C101: Nexbons | D101: - | E101: - | F101: - | G101: 16.5 | H101: - | I101: -
B102: 94 | C102: Next Petroleum | D102: 13.5 | E102: - | F102: 17.1 | G102: 14.9 | H102: - | I102: -
B103: 95 | C103: Nick Petroleum | D103: 10.65 | E103: - | F103: 11.75 | G103: - | H103: - | I103: -
B104: 96 | C104: NOVA | D104: 13.3 | E104: - | F104: 17.1 | G104: - | H104: - | I104: -
B105: 97 | C105: N3 Limited | D105: 13.9 | E105: - | F105: 15.65 | G105: - | H105: - | I105: -
...

Sheet Ex-Pump Prices 15th April 2026
B2: NATIONAL PETROLEUM AUTHORITY
B6: EX-PUMP PRICES OF OMCs/LPGMCs AS OF 15th APRIL 2026
B8: NO. | C8: COMPANY | D8: REGULAR PETROL - RON 91 (GHS/Lt) | E8: PREMIUM PETROL - RON 95 (GHS/Lt) | F8: DIESEL (GHS/Lt) | G8: LPG (GHS/Kg) | H8: KEROSENE (GHS/Lt) | I8: MGO Local (GHS/Lt)
B9: 1 | C9: Agapet | D9: 14.72 | E9: - | F9: 18.1 | G9: - | H9: - | I9: -
B10: 2 | C10: Aegis huile | D10: 13.5 | E10: - | F10: 17.5 | G10: - | H10: - | I10: -
B11: 3 | C11: Akara Energy | D11: 13.07 | E11: - | F11: 16.05 | G11: - | H11: - | I11: -
B12: 4 | C12: AI Energy | D12: 13.89 | E12: - | F12: 17.99 | G12: - | H12: - | I12: -
B13: 5 | C13: Allied Oil | D13: 13.3 | E13: - | F13: 17.5 | G13: - | H13: - | I13: -
B14: 6 | C14: Alinco | D14: 13.3 | E14: - | F14: 17.1 | G14: - | H14: - | I14: -
B15: 7 | C15: Alive Gas | D15: - | E15: - | F15: - | G15: 15.81 | H15: - | I15: -
B16: 8 | C16: Aminso Energy | D16: 12 | E16: - | F16: 12.58 | G16: - | H16: - | I16: -
B17: 9 | C17: Anasset | D17: =-J5 -> 0 | E17: - | F17: - | G17: 15.3 | H17: - | I17: -
B18: 10 | C18: Andev | D18: - | E18: - | F18: - | G18: 14.91 | H18: - | I18: -
B19: 11 | C19: Annandale | D19: - | E19: - | F19: - | G19: 14.94 | H19: - | I19: -
B20: 12 | C20: Amdaway | D20: 13.56 | E20: - | F20: 17.56 | G20: - | H20: - | I20: -
B21: 13 | C21: Aminaser oil | D21: 13.3 | E21: - | F21: 17.1 | G21: - | H21: - | I21: -
B22: 14 | C22: Ap Oil & Gas | D22: 13.55 | E22: - | F22: 17.4 | G22: - | H22: - | I22: -
B23: 15 | C23: April Oil Ghana | D23: 13.99 | E23: - | F23: 17.7 | G23: - | H23: - | I23: -
B24: 16 | C24: Benab Oil | D24: 13.3 | E24: - | F24: 17.1 | G24: - | H24: - | I24: -
B25: 17 | C25: Baffour Gas | D25: - | E25: - | F25: - | G25: 15.5 | H25: - | I25: -
B26: 18 | C26: Beap Energy | D26: 13.79 | E26: - | F26: 18.6 | G26: - | H26: - | I26: -
B27: 19 | C27: BG Petroleum | D27: 13.85 | E27: - | F27: 17.97 | G27: - | H27: - | I27: -
B28: 20 | C28: Bloom Petroleum | D28: 14.29 | E28: - | F28: 17.99 | G28: - | H28: - | I28: -
B29: 21 | C29: Brogan Energy | D29: 13.57 | E29: - | F29: 15.55 | G29: - | H29: - | I29: -
B30: 22 | C30: Breedlove | D30: 13.5 | E30: - | F30: 17.5 | G30: - | H30: - | I30: -
B31: 23 | C31: Brent Petroleum | D31: 13.49 | E31: - | F31: 17.69 | G31: - | H31: - | I31: -
B32: 24 | C32: Buffallo | D32: 13.39 | E32: - | F32: 13.99 | G32: - | H32: - | I32: -
B33: 25 | C33: Central Brent | D33: - | E33: - | F33: - | G33: 14.11 | H33: - | I33: -
B34: 26 | C34: Cent Eastern | D34: - | E34: - | F34: - | G34: 14.83 | H34: - | I34: -
B35: 27 | C35: Oil Space | D35: - | E35: - | F35: - | G35: 14.84 | H35: - | I35: -
B36: 28 | C36: Coegan | D36: - | E36: - | F36: - | G36: 15.26 | H36: - | I36: -
B37: 29 | C37: Compass Oleum | D37: 14.2 | E37: - | F37: 17.9 | G37: - | H37: - | I37: -
B38: 30 | C38: Crown Petroleum | D38: 14.32 | E38: - | F38: 18.1 | G38: 18.53 | H38: - | I38: -
B39: 31 | C39: Desert oil | D39: 13.59 | E39: - | F39: 17.69 | G39: - | H39: - | I39: -
B40: 32 | C40: Dejon jones Ltd | D40: 14.57 | E40: - | F40: 18.65 | G40: - | H40: - | I40: -
B41: 33 | C41: Davis Petroleum | D41: 13.99 | E41: - | F41: 17.7 | G41: 15.21 | H41: - | I41: -
B42: 34 | C42: Dukes Petroleum | D42: 13.5 | E42: - | F42: 17.6 | G42: 15.16 | H42: - | I42: -
B43: 35 | C43: E. Windstar Petroleum | D43: 13.8 | E43: - | F43: 18.4 | G43: =G9 -> - | H43: - | I43: -
B44: 36 | C44: Eden Petroleum | D44: 14.49 | E44: - | F44: 17.99 | G44: - | H44: - | I44: -
B45: 37 | C45: Essence Energy | D45: 14.3 | E45: - | F45: 18.3 | G45: - | H45: - | I45: -
B46: 38 | C46: Energetic Petro gh | D46: 14.47 | E46: - | F46: 18.4 | G46: 13.117436 | H46: - | I46: -
B47: 39 | C47: Ex Oil | D47: 14.25 | E47: - | F47: 17.95 | G47: - | H47: - | I47: -
B48: 40 | C48: Earth Energy | D48: 13.99 | E48: - | F48: 17.33 | G48: - | H48: - | I48: -
B49: 41 | C49: EV Oil | D49: 13.9 | E49: - | F49: 17.1 | G49: - | H49: - | I49: -
B50: 42 | C50: Eza Petroleum | D50: 12.25 | E50: - | F50: 13.33 | G50: - | H50: - | I50: -
B51: 43 | C51: First Gas | D51: - | E51: - | F51: - | G51: 15 | H51: - | I51: -
B52: 44 | C52: Finest Oil | D52: 12.99 | E52: - | F52: 15.8 | G52: - | H52: - | I52: -
B53: 45 | C53: Fraga Oil | D53: 10.42 | E53: - | F53: 11.64 | G53: - | H53: - | I53: -
B54: 46 | C54: Frimps Oil | D54: 13.3 | E54: - | F54: 17.1 | G54: 12.1 | H54: - | I54: -
B55: 47 | C55: Frontier Oil | D55: 13.7 | E55: - | F55: 17.7 | G55: - | H55: - | I55: -
B56: 48 | C56: Gamma Petroleum | D56: 11.45 | E56: - | F56: 11.49 | G56: - | H56: - | I56: -
B57: 49 | C57: GB Oil | D57: 13.7 | E57: - | F57: 17.7 | G57: 12.8878 | H57: - | I57: -
B58: 50 | C58: Gab Energy | D58: 13.57 | E58: - | F58: 17.5 | G58: - | H58: 13.8 | I58: -
B59: 51 | C59: Gaso oil | D59: 13.49 | E59: - | F59: 17.97 | G59: 15.8 | H59: - | I59: -
B60: 52 | C60: Gogas | D60: - | E60: - | F60: - | G60: 15.5 | H60: - | I60: -
B61: 53 | C61: GOIL | D61: 13.3 | E61: 15.77 | F61: 17.1 | G61: 13.12 | H61: - | I61: 11.12
B62: 54 | C62: Goodness Energy | D62: 13.3 | E62: - | F62: 17.1 | G62: - | H62: - | I62: -
B63: 55 | C63: Gowell Energy | D63: 13.3 | E63: - | F63: 17.1 | G63: - | H63: - | I63: -
B64: 56 | C64: Group Trans africana Ltd | D64: 9.96 | E64: - | F64: 11.96 | G64: - | H64: - | I64: -
B65: 57 | C65: Grid Petroleum | D65: 10.99 | E65: - | F65: 11.99 | G65: - | H65: - | I65: -
B66: 58 | C66: Henos Energy | D66: - | E66: - | F66: - | G66: 14.6578 | H66: - | I66: -
B67: 59 | C67: Hills Oil | D67: - | E67: - | F67: - | G67: 14.82 | H67: - | I67: -
B68: 60 | C68: Huss Petroleum | D68: 14.57 | E68: - | F68: 17.9 | G68: - | H68: - | I68: -
B69: 61 | C69: IBM Petroleum | D69: 10.56 | E69: - | F69: 11.76 | G69: - | H69: - | I69: -
B70: 62 | C70: Icon Energy | D70: 13.3 | E70: - | F70: 17.35 | G70: - | H70: - | I70: =-'Ex-Pump Prices 15th April 2026'!J141 -> 0
B71: 63 | C71: Infin | D71: 13.99 | E71: - | F71: 17.89 | G71: 15.6 | H71: - | I71: -
B72: 64 | C72: JD Link | D72: 13.85 | E72: - | F72: 17.65 | G72: 14.66 | H72: - | I72: -
B73: 65 | C73: Joekona | D73: - | E73: - | F73: - | G73: 14.57 | H73: - | I73: -
B74: 66 | C74: Jusbro | D74: 15.09 | E74: - | F74: 18.87 | G74: 14.48 | H74: - | I74: -
B75: 67 | C75: JP Trustee | D75: 13.3 | E75: 14.97 | F75: 17.1 | G75: - | H75: - | I75: -
B76: 68 | C76: Kabore Oil | D76: 13.99 | E76: - | F76: 17.96 | G76: - | H76: - | I76: -
B77: 69 | C77: Kan Royal | D77: 10.5 | E77: - | F77: 11.45 | G77: - | H77: - | I77: -
B78: 70 | C78: Kaysens | D78: - | E78: - | F78: - | G78: 15.08 | H78: - | I78: -
B79: 71 | C79: Koan Petroleum | D79: 13.7 | E79: - | F79: 17.35 | G79: 15.9 | H79: - | I79: -
B80: 72 | C80: KI Energy | D80: - | E80: - | F80: - | G80: 17.81 | H80: - | I80: -
B81: 73 | C81: Kings Energy | D81: 13.3 | E81: - | F81: 17.49 | G81: - | H81: - | I81: -
B82: 74 | C82: Kingsperp Oil Ltd | D82: 10.52 | E82: - | F82: 11.54 | G82: - | H82: - | I82: -
B83: 75 | C83: La Clem | D83: 13.62 | E83: - | F83: 15.4 | G83: - | H83: - | I83: -
B84: 76 | C84: Lamininbee | D84: - | E84: - | F84: - | G84: 14.81 | H84: - | I84: -
B85: 77 | C85: Lambark Gas | D85: - | E85: - | F85: - | G85: 14.5 | H85: - | I85: -
B86: 78 | C86: Liberty Petroleum | D86: 14.1 | E86: - | F86: 18.39 | G86: - | H86: - | I86: -
B87: 79 | C87: Life Energy | D87: 12.5 | E87: - | F87: 14.35 | G87: - | H87: - | I87: -
B88: 80 | C88: Liss Petroleum | D88: 13.92 | E88: - | F88: 17.9 | G88: - | H88: - | I88: 12.46
B89: 81 | C89: Lucky oil | D89: 13.85 | E89: - | F89: 17.6 | G89: 14.84 | H89: - | I89: -
B90: 82 | C90: Mm Energy | D90: 14 | E90: - | F90: 17.95 | G90: - | H90: - | I90: -
B91: 83 | C91: Manbah Gas | D91: - | E91: - | F91: - | G91: 15.72 | H91: - | I91: -
B92: 84 | C92: Maxx Energy | D92: 10.36 | E92: - | F92: 11.55 | G92: 15 | H92: - | I92: -
B93: 85 | C93: Mercy Oil | D93: 14.69 | E93: - | F93: 17.69 | G93: - | H93: - | I93: -
B94: 86 | C94: Midas Oil | D94: - | E94: - | F94: - | G94: 15.11 | H94: - | I94: -
B95: 87 | C95: Mighty Gas | D95: - | E95: - | F95: - | G95: 18.56 | H95: - | I95: -
B96: 88 | C96: Misa Energy | D96: 14.52 | F96: 18.5 | G96: 12.97 | H96: 11.84 | I96: -
B97: 89 | C97: Mobik Energy | D97: 13.99 | E97: - | F97: 17.65 | G97: - | H97: - | I97: -
B98: 90 | C98: More Fuel | D98: 13.3 | E98: - | F98: 17.1 | G98: - | H98: - | I98: -
B99: 91 | C99: Naagamni | D99: 13.57 | E99: - | F99: 17.97 | G99: - | H99: - | I99: 11.36
B100: 92 | C100: Nasona | D100: 14.39 | E100: - | F100: 18.49 | G100: - | H100: - | I100: -
B101: 93 | C101: Nexbons | D101: - | E101: - | F101: - | G101: 16.5 | H101: - | I101: -
B102: 94 | C102: Next Petroleum | D102: 13.5 | E102: - | F102: 17.1 | G102: 14.3 | H102: - | I102: -
B103: 95 | C103: Nick Petroleum | D103: 10.65 | E103: - | F103: 11.75 | G103: - | H103: - | I103: -
B104: 96 | C104: NOVA | D104: 13.3 | E104: - | F104: 17.1 | G104: - | H104: - | I104: -
B105: 97 | C105: N3 Limited | D105: 13.9 | E105: - | F105: 15.65 | G105: - | H105: - | I105: -
...

Sheet Ex-Pump Prices 14th April 2026
B2: NATIONAL PETROLEUM AUTHORITY
B6: EX-PUMP PRICES OF OMCs/LPGMCs AS OF 14th APRIL 2026
B8: NO. | C8: COMPANY | D8: REGULAR PETROL - RON 91 (GHS/Lt) | E8: PREMIUM PETROL - RON 95 (GHS/Lt) | F8: DIESEL (GHS/Lt) | G8: LPG (GHS/Kg) | H8: KEROSENE (GHS/Lt) | I8: MGO Local (GHS/Lt)
B9: 1 | C9: Agapet | D9: 14.72 | E9: - | F9: 18.1 | G9: - | H9: - | I9: -
B10: 2 | C10: Aegis huile | D10: 13.5 | E10: - | F10: 17.5 | G10: - | H10: - | I10: -
B11: 3 | C11: Akara Energy | D11: 13.07 | E11: - | F11: 16.05 | G11: - | H11: - | I11: -
B12: 4 | C12: AI Energy | D12: 13.89 | E12: - | F12: 17.99 | G12: - | H12: - | I12: -
B13: 5 | C13: Allied Oil | D13: 13.3 | E13: - | F13: 17.5 | G13: - | H13: - | I13: -
B14: 6 | C14: Alinco | D14: 13.3 | E14: - | F14: 17.1 | G14: - | H14: - | I14: -
B15: 7 | C15: Alive Gas | D15: - | E15: - | F15: - | G15: 15.81 | H15: - | I15: -
B16: 8 | C16: Aminso Energy | D16: 12 | E16: - | F16: 12.58 | G16: - | H16: - | I16: -
B17: 9 | C17: Anasset | D17: =-J5 -> 0 | E17: - | F17: - | G17: 15.3 | H17: - | I17: -
B18: 10 | C18: Andev | D18: - | E18: - | F18: - | G18: 14.91 | H18: - | I18: -
B19: 11 | C19: Annandale | D19: - | E19: - | F19: - | G19: 14.94 | H19: - | I19: -
B20: 12 | C20: Amdaway | D20: 13.56 | E20: - | F20: 17.56 | G20: - | H20: - | I20: -
B21: 13 | C21: Aminaser oil | D21: 13.3 | E21: - | F21: 17.1 | G21: - | H21: - | I21: -
B22: 14 | C22: Ap Oil & Gas | D22: 12.2 | E22: - | F22: 12.8 | G22: - | H22: - | I22: -
B23: 15 | C23: April Oil Ghana | D23: 13.99 | E23: - | F23: 17.7 | G23: - | H23: - | I23: -
B24: 16 | C24: Benab Oil | D24: 13.3 | E24: - | F24: 17.1 | G24: - | H24: - | I24: -
B25: 17 | C25: Baffour Gas | D25: - | E25: - | F25: - | G25: 15.5 | H25: - | I25: -
B26: 18 | C26: Beap Energy | D26: 16.07 | E26: - | F26: 18.6 | G26: - | H26: - | I26: -
B27: 19 | C27: BG Petroleum | D27: 13.85 | E27: - | F27: 17.97 | G27: - | H27: - | I27: -
B28: 20 | C28: Bloom Petroleum | D28: 14.29 | E28: - | F28: 17.99 | G28: - | H28: - | I28: -
B29: 21 | C29: Brogan Energy | D29: 13.57 | E29: - | F29: 15.55 | G29: - | H29: - | I29: -
B30: 22 | C30: Breedlove | D30: 13.5 | E30: - | F30: 17.5 | G30: - | H30: - | I30: -
B31: 23 | C31: Brent Petroleum | D31: 13.49 | E31: - | F31: 17.69 | G31: - | H31: - | I31: -
B32: 24 | C32: Buffallo | D32: 13.39 | E32: - | F32: 13.99 | G32: - | H32: - | I32: -
B33: 25 | C33: Central Brent | D33: - | E33: - | F33: - | G33: 14.11 | H33: - | I33: -
B34: 26 | C34: Cent Eastern | D34: - | E34: - | F34: - | G34: 14.83 | H34: - | I34: -
B35: 27 | C35: Oil Space | D35: - | E35: - | F35: - | G35: 14.84 | H35: - | I35: -
B36: 28 | C36: Coegan | D36: - | E36: - | F36: - | G36: 15.26 | H36: - | I36: -
B37: 29 | C37: Compass Oleum | D37: 14.2 | E37: - | F37: 17.9 | G37: - | H37: - | I37: -
B38: 30 | C38: Crown Petroleum | D38: 14.32 | E38: - | F38: 18.1 | G38: 18.53 | H38: - | I38: -
B39: 31 | C39: Desert oil | D39: 13.19 | E39: - | F39: 15.79 | G39: - | H39: - | I39: -
B40: 32 | C40: Dejon jones Ltd | D40: 14.57 | E40: - | F40: 18.65 | G40: - | H40: - | I40: -
B41: 33 | C41: Davis Petroleum | D41: 13.99 | E41: - | F41: 17.7 | G41: 15.21 | H41: - | I41: -
B42: 34 | C42: Dukes Petroleum | D42: 13.5 | E42: - | F42: 17.6 | G42: 15.16 | H42: - | I42: -
B43: 35 | C43: E. Windstar Petroleum | D43: 13.8 | E43: - | F43: 18.4 | G43: =G9 -> - | H43: - | I43: -
B44: 36 | C44: Eden Petroleum | D44: 14.49 | E44: - | F44: 17.99 | G44: - | H44: - | I44: -
B45: 37 | C45: Essence Energy | D45: 14.3 | E45: - | F45: 18.3 | G45: - | H45: - | I45: -
B46: 38 | C46: Energetic Petro gh | D46: 14.47 | E46: - | F46: 18.4 | G46: 13.117436 | H46: - | I46: -
B47: 39 | C47: Ex Oil | D47: 14.25 | E47: - | F47: 17.95 | G47: - | H47: - | I47: -
B48: 40 | C48: Earth Energy | D48: 13.99 | E48: - | F48: 17.33 | G48: - | H48: - | I48: -
B49: 41 | C49: EV Oil | D49: 13.9 | E49: - | F49: 17.1 | G49: - | H49: - | I49: -
B50: 42 | C50: Eza Petroleum | D50: 12.25 | E50: - | F50: 13.33 | G50: - | H50: - | I50: -
B51: 43 | C51: First Gas | D51: - | E51: - | F51: - | G51: 15 | H51: - | I51: -
B52: 44 | C52: Finest Oil | D52: 12.99 | E52: - | F52: 15.8 | G52: - | H52: - | I52: -
B53: 45 | C53: Fraga Oil | D53: 10.42 | E53: - | F53: 11.64 | G53: - | H53: - | I53: -
B54: 46 | C54: Frimps Oil | D54: 13.3 | E54: - | F54: 17.1 | G54: 12.1 | H54: - | I54: -
B55: 47 | C55: Frontier Oil | D55: 13.7 | E55: - | F55: 17.7 | G55: - | H55: - | I55: -
B56: 48 | C56: Gamma Petroleum | D56: 11.45 | E56: - | F56: 11.49 | G56: - | H56: - | I56: -
B57: 49 | C57: GB Oil | D57: 11.4 | E57: - | F57: 11.91 | G57: 12.8878 | H57: - | I57: -
B58: 50 | C58: Gab Energy | D58: 13.57 | E58: - | F58: 17.5 | G58: - | H58: 13.8 | I58: -
B59: 51 | C59: Gaso oil | D59: 13.49 | E59: - | F59: 17.97 | G59: 15.8 | H59: - | I59: -
B60: 52 | C60: Gogas | D60: - | E60: - | F60: - | G60: 15.5 | H60: - | I60: -
B61: 53 | C61: GOIL | D61: 13.3 | E61: 15.77 | F61: 17.1 | G61: 13.12 | H61: - | I61: 11.12
B62: 54 | C62: Goodness Energy | D62: 13.3 | E62: - | F62: 17.1 | G62: - | H62: - | I62: -
B63: 55 | C63: Gowell Energy | D63: 13.3 | E63: - | F63: 17.1 | G63: - | H63: - | I63: -
B64: 56 | C64: Group Trans africana Ltd | D64: 9.96 | E64: - | F64: 11.96 | G64: - | H64: - | I64: -
B65: 57 | C65: Grid Petroleum | D65: 10.99 | E65: - | F65: 11.99 | G65: - | H65: - | I65: -
B66: 58 | C66: Henos Energy | D66: - | E66: - | F66: - | G66: 14.6578 | H66: - | I66: -
B67: 59 | C67: Hills Oil | D67: - | E67: - | F67: - | G67: 14.82 | H67: - | I67: -
B68: 60 | C68: Huss Petroleum | D68: 14.57 | E68: - | F68: 17.9 | G68: - | H68: - | I68: -
B69: 61 | C69: IBM Petroleum | D69: 10.56 | E69: - | F69: 11.76 | G69: - | H69: - | I69: -
B70: 62 | C70: Icon Energy | D70: 13.3 | E70: - | F70: 17.35 | G70: - | H70: - | I70: =-'Ex-Pump Prices 14th April 2026'!J140 -> 0
B71: 63 | C71: Infin | D71: 13.99 | E71: - | F71: 17.89 | G71: 15.6 | H71: - | I71: -
B72: 64 | C72: JD Link | D72: 13.85 | E72: - | F72: 17.65 | G72: 14.66 | H72: - | I72: -
B73: 65 | C73: Joekona | D73: - | E73: - | F73: - | G73: 14.57 | H73: - | I73: -
B74: 66 | C74: Jusbro | D74: 15.09 | E74: - | F74: 18.87 | G74: 14.48 | H74: - | I74: -
B75: 67 | C75: JP Trustee | D75: 13.3 | E75: 14.97 | F75: 17.1 | G75: - | H75: - | I75: -
B76: 68 | C76: Kabore Oil | D76: 13.99 | E76: - | F76: 17.96 | G76: - | H76: - | I76: -
B77: 69 | C77: Kan Royal | D77: 10.5 | E77: - | F77: 11.45 | G77: - | H77: - | I77: -
B78: 70 | C78: Kaysens | D78: - | E78: - | F78: - | G78: 15.08 | H78: - | I78: -
B79: 71 | C79: Koan Petroleum | D79: 13.7 | E79: - | F79: 17.35 | G79: 15.9 | H79: - | I79: -
B80: 72 | C80: KI Energy | D80: - | E80: - | F80: - | G80: 17.81 | H80: - | I80: -
B81: 73 | C81: Kings Energy | D81: 13.3 | E81: - | F81: 17.49 | G81: - | H81: - | I81: -
B82: 74 | C82: Kingsperp Oil Ltd | D82: 10.52 | E82: - | F82: 11.54 | G82: - | H82: - | I82: -
B83: 75 | C83: La Clem | D83: 13.62 | E83: - | F83: 15.4 | G83: - | H83: - | I83: -
B84: 76 | C84: Lamininbee | D84: - | E84: - | F84: - | G84: 14.81 | H84: - | I84: -
B85: 77 | C85: Lambark Gas | D85: - | E85: - | F85: - | G85: 14.5 | H85: - | I85: -
B86: 78 | C86: Liberty Petroleum | D86: 14.1 | E86: - | F86: 18.39 | G86: - | H86: - | I86: -
B87: 79 | C87: Life Energy | D87: 12.5 | E87: - | F87: 14.35 | G87: - | H87: - | I87: -
B88: 80 | C88: Liss Petroleum | D88: 10.52 | E88: - | F88: 11.34 | G88: - | H88: - | I88: 12.46
B89: 81 | C89: Lucky oil | D89: 13.85 | E89: - | F89: 17.6 | G89: 14.84 | H89: - | I89: -
B90: 82 | C90: Mm Energy | D90: 14 | E90: - | F90: 17.95 | G90: - | H90: - | I90: -
B91: 83 | C91: Manbah Gas | D91: - | E91: - | F91: - | G91: 15.72 | H91: - | I91: -
B92: 84 | C92: Maxx Energy | D92: 10.36 | E92: - | F92: 11.55 | G92: 15 | H92: - | I92: -
B93: 85 | C93: Mercy Oil | D93: 14.69 | E93: - | F93: 17.69 | G93: - | H93: - | I93: -
B94: 86 | C94: Midas Oil | D94: - | E94: - | F94: - | G94: 15.11 | H94: - | I94: -
B95: 87 | C95: Mighty Gas | D95: - | E95: - | F95: - | G95: 14.48 | H95: - | I95: -
B96: 88 | C96: Misa Energy | D96: 14.52 | F96: 18.5 | G96: 12.97 | H96: 11.84 | I96: -
B97: 89 | C97: Mobik Energy | D97: 13.99 | E97: - | F97: 17.65 | G97: - | H97: - | I97: -
B98: 90 | C98: More Fuel | D98: 13.3 | E98: - | F98: 17.1 | G98: - | H98: - | I98: -
B99: 91 | C99: Naagamni | D99: 13.57 | E99: - | F99: 17.97 | G99: - | H99: - | I99: 11.36
B100: 92 | C100: Nasona | D100: 14.39 | E100: - | F100: 18.49 | G100: - | H100: - | I100: -
B101: 93 | C101: Nexbons | D101: - | E101: - | F101: - | G101: 16.5 | H101: - | I101: -
B102: 94 | C102: Next Petroleum | D102: 13.5 | E102: - | F102: 17.1 | G102: 14.3 | H102: - | I102: -
B103: 95 | C103: Nick Petroleum | D103: 10.65 | E103: - | F103: 11.75 | G103: - | H103: - | I103: -
B104: 96 | C104: NOVA | D104: 13.3 | E104: - | F104: 17.1 | G104: - | H104: - | I104: -
B105: 97 | C105: N3 Limited | D105: 13.9 | E105: - | F105: 15.65 | G105: - | H105: - | I105: -
...

Sheet Ex-Pump Prices 13th April 2026
B2: NATIONAL PETROLEUM AUTHORITY
B6: EX-PUMP PRICES OF OMCs/LPGMCs AS OF 13th APRIL 2026
B8: NO. | C8: COMPANY | D8: REGULAR PETROL - RON 91 (GHS/Lt) | E8: PREMIUM PETROL - RON 95 (GHS/Lt) | F8: DIESEL (GHS/Lt) | G8: LPG (GHS/Kg) | H8: KEROSENE (GHS/Lt) | I8: MGO Local (GHS/Lt)
B9: 1 | C9: Agapet | D9: 14.72 | E9: - | F9: 18.1 | G9: - | H9: - | I9: -
B10: 2 | C10: Aegis huile | D10: 13.5 | E10: - | F10: 17.5 | G10: - | H10: - | I10: -
B11: 3 | C11: Akara Energy | D11: 13.07 | E11: - | F11: 16.05 | G11: - | H11: - | I11: -
B12: 4 | C12: AI Energy | D12: 13.89 | E12: - | F12: 17.99 | G12: - | H12: - | I12: -
B13: 5 | C13: Allied Oil | D13: 13.3 | E13: - | F13: 17.5 | G13: - | H13: - | I13: -
B14: 6 | C14: Alinco | D14: 13.3 | E14: - | F14: 17.1 | G14: - | H14: - | I14: -
B15: 7 | C15: Alive Gas | D15: - | E15: - | F15: - | G15: 15.81 | H15: - | I15: -
B16: 8 | C16: Aminso Energy | D16: 12 | E16: - | F16: 12.58 | G16: - | H16: - | I16: -
B17: 9 | C17: Anasset | D17: =-J5 -> 0 | E17: - | F17: - | G17: 15.3 | H17: - | I17: -
B18: 10 | C18: Andev | D18: - | E18: - | F18: - | G18: 14.91 | H18: - | I18: -
B19: 11 | C19: Annandale | D19: - | E19: - | F19: - | G19: 14.94 | H19: - | I19: -
B20: 12 | C20: Amdaway | D20: 13.56 | E20: - | F20: 17.56 | G20: - | H20: - | I20: -
B21: 13 | C21: Aminaser oil | D21: 13.3 | E21: - | F21: 17.1 | G21: - | H21: - | I21: -
B22: 14 | C22: Ap Oil & Gas | D22: 12.2 | E22: - | F22: 12.8 | G22: - | H22: - | I22: -
B23: 15 | C23: April Oil Ghana | D23: 13.99 | E23: - | F23: 17.7 | G23: - | H23: - | I23: -
B24: 16 | C24: Benab Oil | D24: 13.3 | E24: - | F24: 17.1 | G24: - | H24: - | I24: -
B25: 17 | C25: Baffour Gas | D25: - | E25: - | F25: - | G25: 15.5 | H25: - | I25: -
B26: 18 | C26: Beap Energy | D26: 16.07 | E26: - | F26: 18.6 | G26: - | H26: - | I26: -
B27: 19 | C27: BG Petroleum | D27: 13.85 | E27: - | F27: 17.97 | G27: - | H27: - | I27: -
B28: 20 | C28: Bloom Petroleum | D28: 14.29 | E28: - | F28: 17.99 | G28: - | H28: - | I28: -
B29: 21 | C29: Brogan Energy | D29: 13.57 | E29: - | F29: 15.55 | G29: - | H29: - | I29: -
B30: 22 | C30: Breedlove | D30: 13.5 | E30: - | F30: 17.5 | G30: - | H30: - | I30: -
B31: 23 | C31: Brent Petroleum | D31: 13.49 | E31: - | F31: 17.69 | G31: - | H31: - | I31: -
B32: 24 | C32: Buffallo | D32: 13.39 | E32: - | F32: 13.99 | G32: - | H32: - | I32: -
B33: 25 | C33: Central Brent | D33: - | E33: - | F33: - | G33: 14.11 | H33: - | I33: -
B34: 26 | C34: Cent Eastern | D34: - | E34: - | F34: - | G34: 14.83 | H34: - | I34: -
B35: 27 | C35: Oil Space | D35: - | E35: - | F35: - | G35: 14.84 | H35: - | I35: -
B36: 28 | C36: Coegan | D36: - | E36: - | F36: - | G36: 15.26 | H36: - | I36: -
B37: 29 | C37: Compass Oleum | D37: 14.2 | E37: - | F37: 17.9 | G37: - | H37: - | I37: -
B38: 30 | C38: Crown Petroleum | D38: 14.32 | E38: - | F38: 18.1 | G38: 18.53 | H38: - | I38: -
B39: 31 | C39: Desert oil | D39: 13.19 | E39: - | F39: 15.79 | G39: - | H39: - | I39: -
B40: 32 | C40: Dejon jones Ltd | D40: 14.57 | E40: - | F40: 18.65 | G40: - | H40: - | I40: -
B41: 33 | C41: Davis Petroleum | D41: 13.99 | E41: - | F41: 17.7 | G41: 15.21 | H41: - | I41: -
B42: 34 | C42: Dukes Petroleum | D42: 13.5 | E42: - | F42: 17.6 | G42: 15.16 | H42: - | I42: -
B43: 35 | C43: E. Windstar Petroleum | D43: 13.8 | E43: - | F43: 18.4 | G43: =G9 -> - | H43: - | I43: -
B44: 36 | C44: Eden Petroleum | D44: 14.49 | E44: - | F44: 17.99 | G44: - | H44: - | I44: -
B45: 37 | C45: Essence Energy | D45: 14.3 | E45: - | F45: 18.3 | G45: - | H45: - | I45: -
B46: 38 | C46: Energetic Petro gh | D46: 14.47 | E46: - | F46: 18.4 | G46: 13.117436 | H46: - | I46: -
B47: 39 | C47: Ex Oil | D47: 14.25 | E47: - | F47: 17.95 | G47: - | H47: - | I47: -
B48: 40 | C48: Earth Energy | D48: 13.99 | E48: - | F48: 17.33 | G48: - | H48: - | I48: -
B49: 41 | C49: EV Oil | D49: 13.9 | E49: - | F49: 17.1 | G49: - | H49: - | I49: -
B50: 42 | C50: Eza Petroleum | D50: 12.25 | E50: - | F50: 13.33 | G50: - | H50: - | I50: -
B51: 43 | C51: First Gas | D51: - | E51: - | F51: - | G51: 15 | H51: - | I51: -
B52: 44 | C52: Finest Oil | D52: 12.99 | E52: - | F52: 15.8 | G52: - | H52: - | I52: -
B53: 45 | C53: Fraga Oil | D53: 10.42 | E53: - | F53: 11.64 | G53: - | H53: - | I53: -
B54: 46 | C54: Frimps Oil | D54: 13.3 | E54: - | F54: 17.1 | G54: 12.1 | H54: - | I54: -
B55: 47 | C55: Frontier Oil | D55: 13.7 | E55: - | F55: 17.7 | G55: - | H55: - | I55: -
B56: 48 | C56: Gamma Petroleum | D56: 11.45 | E56: - | F56: 11.49 | G56: - | H56: - | I56: -
B57: 49 | C57: GB Oil | D57: 11.4 | E57: - | F57: 11.91 | G57: 12.8878 | H57: - | I57: -
B58: 50 | C58: Gab Energy | D58: 13.57 | E58: - | F58: 17.5 | G58: - | H58: 13.8 | I58: -
B59: 51 | C59: Gaso oil | D59: 13.49 | E59: - | F59: 17.97 | G59: 15.8 | H59: - | I59: -
B60: 52 | C60: Gogas | D60: - | E60: - | F60: - | G60: 15.5 | H60: - | I60: -
B61: 53 | C61: GOIL | D61: 13.3 | E61: 15.77 | F61: 17.1 | G61: 13.12 | H61: - | I61: 11.12
B62: 54 | C62: Goodness Energy | D62: 13.3 | E62: - | F62: 17.1 | G62: - | H62: - | I62: -
B63: 55 | C63: Gowell Energy | D63: 13.3 | E63: - | F63: 17.1 | G63: - | H63: - | I63: -
B64: 56 | C64: Group Trans africana Ltd | D64: 9.96 | E64: - | F64: 11.96 | G64: - | H64: - | I64: -
B65: 57 | C65: Grid Petroleum | D65: 10.99 | E65: - | F65: 11.99 | G65: - | H65: - | I65: -
B66: 58 | C66: Henos Energy | D66: - | E66: - | F66: - | G66: 14.6578 | H66: - | I66: -
B67: 59 | C67: Hills Oil | D67: - | E67: - | F67: - | G67: 14.82 | H67: - | I67: -
B68: 60 | C68: Huss Petroleum | D68: 14.57 | E68: - | F68: 17.9 | G68: - | H68: - | I68: -
B69: 61 | C69: IBM Petroleum | D69: 10.56 | E69: - | F69: 11.76 | G69: - | H69: - | I69: -
B70: 62 | C70: Icon Energy | D70: 13.3 | E70: - | F70: 17.35 | G70: - | H70: - | I70: =-'Ex-Pump Prices 13th April 2026'!J140 -> 0
B71: 63 | C71: Infin | D71: 13.69 | E71: - | F71: 17.69 | G71: 15.6 | H71: - | I71: -
B72: 64 | C72: JD Link | D72: 13.85 | E72: - | F72: 17.65 | G72: 14.66 | H72: - | I72: -
B73: 65 | C73: Joekona | D73: - | E73: - | F73: - | G73: 14.57 | H73: - | I73: -
B74: 66 | C74: Jusbro | D74: 15.09 | E74: - | F74: 18.87 | G74: 14.48 | H74: - | I74: -
B75: 67 | C75: JP Trustee | D75: 13.3 | E75: 14.97 | F75: 17.1 | G75: - | H75: - | I75: -
B76: 68 | C76: Kabore Oil | D76: 13.99 | E76: - | F76: 17.96 | G76: - | H76: - | I76: -
B77: 69 | C77: Kan Royal | D77: 10.5 | E77: - | F77: 11.45 | G77: - | H77: - | I77: -
B78: 70 | C78: Kaysens | D78: - | E78: - | F78: - | G78: 15.08 | H78: - | I78: -
B79: 71 | C79: Koan Petroleum | D79: 13.7 | E79: - | F79: 17.35 | G79: 15.9 | H79: - | I79: -
B80: 72 | C80: KI Energy | D80: - | E80: - | F80: - | G80: 17.81 | H80: - | I80: -
B81: 73 | C81: Kings Energy | D81: 13.3 | E81: - | F81: 17.49 | G81: - | H81: - | I81: -
B82: 74 | C82: Kingsperp Oil Ltd | D82: 10.52 | E82: - | F82: 11.54 | G82: - | H82: - | I82: -
B83: 75 | C83: La Clem | D83: 13.62 | E83: - | F83: 15.4 | G83: - | H83: - | I83: -
B84: 76 | C84: Lamininbee | D84: - | E84: - | F84: - | G84: 14.81 | H84: - | I84: -
B85: 77 | C85: Lambark Gas | D85: - | E85: - | F85: - | G85: 14.5 | H85: - | I85: -
B86: 78 | C86: Liberty Petroleum | D86: 14.1 | E86: - | F86: 18.39 | G86: - | H86: - | I86: -
B87: 79 | C87: Life Energy | D87: 12.5 | E87: - | F87: 14.35 | G87: - | H87: - | I87: -
B88: 80 | C88: Liss Petroleum | D88: 10.52 | E88: - | F88: 11.34 | G88: - | H88: - | I88: 12.46
B89: 81 | C89: Lucky oil | D89: 13.85 | E89: - | F89: 17.6 | G89: 14.84 | H89: - | I89: -
B90: 82 | C90: Mm Energy | D90: 14 | E90: - | F90: 17.95 | G90: - | H90: - | I90: -
B91: 83 | C91: Manbah Gas | D91: - | E91: - | F91: - | G91: 15.72 | H91: - | I91: -
B92: 84 | C92: Maxx Energy | D92: 10.36 | E92: - | F92: 11.55 | G92: 15 | H92: - | I92: -
B93: 85 | C93: Mercy Oil | D93: 14.69 | E93: - | F93: 17.69 | G93: - | H93: - | I93: -
B94: 86 | C94: Midas Oil | D94: - | E94: - | F94: - | G94: 15.11 | H94: - | I94: -
B95: 87 | C95: Mighty Gas | D95: - | E95: - | F95: - | G95: 14.48 | H95: - | I95: -
B96: 88 | C96: Misa Energy | D96: 14.52 | F96: 18.5 | G96: 12.97 | H96: 11.84 | I96: -
B97: 89 | C97: Mobik Energy | D97: 13.99 | E97: - | F97: 17.65 | G97: - | H97: - | I97: -
B98: 90 | C98: More Fuel | D98: 13.3 | E98: - | F98: 17.1 | G98: - | H98: - | I98: -
B99: 91 | C99: Naagamni | D99: 13.57 | E99: - | F99: 17.99 | G99: - | H99: - | I99: 11.36
B100: 92 | C100: Nasona | D100: 14.39 | E100: - | F100: 18.49 | G100: - | H100: - | I100: -
B101: 93 | C101: Nexbons | D101: - | E101: - | F101: - | G101: 16.5 | H101: - | I101: -
B102: 94 | C102: Next Petroleum | D102: 13.5 | E102: - | F102: 17.1 | G102: 14.3 | H102: - | I102: -
B103: 95 | C103: Nick Petroleum | D103: 10.65 | E103: - | F103: 11.75 | G103: - | H103: - | I103: -
B104: 96 | C104: NOVA | D104: 13.3 | E104: - | F104: 17.1 | G104: - | H104: - | I104: -
B105: 97 | C105: N3 Limited | D105: 13.9 | E105: - | F105: 15.65 | G105: - | H105: - | I105: -
...

Sheet Ex-Pump Prices 10th April 2026
B2: NATIONAL PETROLEUM AUTHORITY
B6: EX-PUMP PRICES OF OMCs/LPGMCs AS OF 10th APRIL 2026
B8: NO. | C8: COMPANY | D8: REGULAR PETROL - RON 91 (GHS/Lt) | E8: PREMIUM PETROL - RON 95 (GHS/Lt) | F8: DIESEL (GHS/Lt) | G8: LPG (GHS/Kg) | H8: KEROSENE (GHS/Lt) | I8: MGO Local (GHS/Lt)
B9: 1 | C9: Agapet | D9: 14.72 | E9: - | F9: 18.1 | G9: - | H9: - | I9: -
B10: 2 | C10: Aegis huile | D10: 13.5 | E10: - | F10: 17.5 | G10: - | H10: - | I10: -
B11: 3 | C11: Akara Energy | D11: 13.07 | E11: - | F11: 16.05 | G11: - | H11: - | I11: -
B12: 4 | C12: AI Energy | D12: 13.89 | E12: - | F12: 17.99 | G12: - | H12: - | I12: -
B13: 5 | C13: Allied Oil | D13: 13.3 | E13: - | F13: 17.5 | G13: - | H13: - | I13: -
B14: 6 | C14: Alinco | D14: 13.56 | E14: - | F14: 17.56 | G14: - | H14: - | I14: -
B15: 7 | C15: Alive Gas | D15: - | E15: - | F15: - | G15: 15.81 | H15: - | I15: -
B16: 8 | C16: Aminso Energy | D16: 12 | E16: - | F16: 12.58 | G16: - | H16: - | I16: -
B17: 9 | C17: Anasset | D17: =-J5 -> 0 | E17: - | F17: - | G17: 15.3 | H17: - | I17: -
B18: 10 | C18: Andev | D18: - | E18: - | F18: - | G18: 14.91 | H18: - | I18: -
B19: 11 | C19: Annandale | D19: - | E19: - | F19: - | G19: 14.94 | H19: - | I19: -
B20: 12 | C20: Amdaway | D20: 13.56 | E20: - | F20: 17.56 | G20: - | H20: - | I20: -
B21: 13 | C21: Aminaser oil | D21: 13.3 | E21: - | F21: 17.1 | G21: - | H21: - | I21: -
B22: 14 | C22: Ap Oil & Gas | D22: 12.2 | E22: - | F22: 12.8 | G22: - | H22: - | I22: -
B23: 15 | C23: April Oil Ghana | D23: 13.99 | E23: - | F23: 17.7 | G23: - | H23: - | I23: -
B24: 16 | C24: Benab Oil | D24: 13.3 | E24: - | F24: 17.1 | G24: - | H24: - | I24: -
B25: 17 | C25: Baffour Gas | D25: - | E25: - | F25: - | G25: 15.5 | H25: - | I25: -
B26: 18 | C26: Beap Energy | D26: 16.07 | E26: - | F26: 18.6 | G26: - | H26: - | I26: -
B27: 19 | C27: BG Petroleum | D27: 13.85 | E27: - | F27: 17.97 | G27: - | H27: - | I27: -
B28: 20 | C28: Bloom Petroleum | D28: 13.99 | E28: - | F28: 17.99 | G28: - | H28: - | I28: -
B29: 21 | C29: Brogan Energy | D29: 13.57 | E29: - | F29: 15.55 | G29: - | H29: - | I29: -
B30: 22 | C30: Breedlove | D30: 13.5 | E30: - | F30: 17.5 | G30: - | H30: - | I30: -
B31: 23 | C31: Brent Petroleum | D31: 13.49 | E31: - | F31: 17.69 | G31: - | H31: - | I31: -
B32: 24 | C32: Buffallo | D32: 13.39 | E32: - | F32: 13.99 | G32: - | H32: - | I32: -
B33: 25 | C33: Central Brent | D33: - | E33: - | F33: - | G33: 14.11 | H33: - | I33: -
B34: 26 | C34: Cent Eastern | D34: - | E34: - | F34: - | G34: 14.83 | H34: - | I34: -
B35: 27 | C35: Oil Space | D35: - | E35: - | F35: - | G35: 14.84 | H35: - | I35: -
B36: 28 | C36: Coegan | D36: - | E36: - | F36: - | G36: 15.26 | H36: - | I36: -
B37: 29 | C37: Compass Oleum | D37: 14.2 | E37: - | F37: 17.9 | G37: - | H37: - | I37: -
B38: 30 | C38: Crown Petroleum | D38: 14.32 | E38: - | F38: 18.1 | G38: 18.53 | H38: - | I38: -
B39: 31 | C39: Desert oil | D39: 13.19 | E39: - | F39: 15.79 | G39: - | H39: - | I39: -
B40: 32 | C40: Dejon jones Ltd | D40: 14.57 | E40: - | F40: 18.65 | G40: - | H40: - | I40: -
B41: 33 | C41: Davis Petroleum | D41: 13.99 | E41: - | F41: 17.7 | G41: 15.21 | H41: - | I41: -
B42: 34 | C42: Dukes Petroleum | D42: 13.5 | E42: - | F42: 17.6 | G42: 15.16 | H42: - | I42: -
B43: 35 | C43: E. Windstar Petroleum | D43: 13.8 | E43: - | F43: 18.4 | G43: =G9 -> - | H43: - | I43: -
B44: 36 | C44: Eden Petroleum | D44: 14.49 | E44: - | F44: 17.99 | G44: - | H44: - | I44: -
B45: 37 | C45: Essence Energy | D45: 14.3 | E45: - | F45: 18.3 | G45: - | H45: - | I45: -
B46: 38 | C46: Energetic Petro gh | D46: 14.47 | E46: - | F46: 18.4 | G46: 13.117436 | H46: - | I46: -
B47: 39 | C47: Ex Oil | D47: 14.25 | E47: - | F47: 17.95 | G47: - | H47: - | I47: -
B48: 40 | C48: Earth Energy | D48: 13.99 | E48: - | F48: 17.33 | G48: - | H48: - | I48: -
B49: 41 | C49: EV Oil | D49: 13.9 | E49: - | F49: 17.1 | G49: - | H49: - | I49: -
B50: 42 | C50: Eza Petroleum | D50: 12.25 | E50: - | F50: 13.33 | G50: - | H50: - | I50: -
B51: 43 | C51: First Gas | D51: - | E51: - | F51: - | G51: 15 | H51: - | I51: -
B52: 44 | C52: Finest Oil | D52: 12.99 | E52: - | F52: 15.8 | G52: - | H52: - | I52: -
B53: 45 | C53: Fraga Oil | D53: 10.42 | E53: - | F53: 11.64 | G53: - | H53: - | I53: -
B54: 46 | C54: Frimps Oil | D54: 13.3 | E54: - | F54: 17.1 | G54: 12.1 | H54: - | I54: -
B55: 47 | C55: Frontier Oil | D55: 13.7 | E55: - | F55: 17.7 | G55: - | H55: - | I55: -
B56: 48 | C56: Gamma Petroleum | D56: 11.45 | E56: - | F56: 11.49 | G56: - | H56: - | I56: -
B57: 49 | C57: GB Oil | D57: 11.4 | E57: - | F57: 11.91 | G57: 12.8878 | H57: - | I57: -
B58: 50 | C58: Gab Energy | D58: 13.57 | E58: - | F58: 17.5 | G58: - | H58: 13.8 | I58: -
B59: 51 | C59: Gaso oil | D59: 12.47 | E59: - | F59: 15.95 | G59: 14.8 | H59: - | I59: -
B60: 52 | C60: Gogas | D60: - | E60: - | F60: - | G60: 15.5 | H60: - | I60: -
B61: 53 | C61: GOIL | D61: 13.3 | E61: 15.77 | F61: 17.1 | G61: 13.12 | H61: - | I61: 11.12
B62: 54 | C62: Goodness Energy | D62: 13.3 | E62: - | F62: 17.1 | G62: - | H62: - | I62: -
B63: 55 | C63: Gowell Energy | D63: 13.3 | E63: - | F63: 17.1 | G63: - | H63: - | I63: -
B64: 56 | C64: Group Trans africana Ltd | D64: 9.96 | E64: - | F64: 11.96 | G64: - | H64: - | I64: -
B65: 57 | C65: Grid Petroleum | D65: 10.99 | E65: - | F65: 11.99 | G65: - | H65: - | I65: -
B66: 58 | C66: Henos Energy | D66: - | E66: - | F66: - | G66: 14.6578 | H66: - | I66: -
B67: 59 | C67: Hills Oil | D67: - | E67: - | F67: - | G67: 14.82 | H67: - | I67: -
B68: 60 | C68: Huss Petroleum | D68: 14.57 | E68: - | F68: 17.9 | G68: - | H68: - | I68: -
B69: 61 | C69: IBM Petroleum | D69: 10.56 | E69: - | F69: 11.76 | G69: - | H69: - | I69: -
B70: 62 | C70: Icon Energy | D70: 13.3 | E70: - | F70: 17.35 | G70: - | H70: - | I70: =-'Ex-Pump Prices 10th April 2026'!J140 -> 0
B71: 63 | C71: Infin | D71: 13.69 | E71: - | F71: 17.69 | G71: 15.6 | H71: - | I71: -
B72: 64 | C72: JD Link | D72: 13.85 | E72: - | F72: 17.65 | G72: 14.66 | H72: - | I72: -
B73: 65 | C73: Joekona | D73: - | E73: - | F73: - | G73: 14.57 | H73: - | I73: -
B74: 66 | C74: Jusbro | D74: 15.09 | E74: - | F74: 18.87 | G74: 14.48 | H74: - | I74: -
B75: 67 | C75: JP Trustee | D75: 13.47 | E75: 14.97 | F75: 17.1 | G75: - | H75: - | I75: -
B76: 68 | C76: Kabore Oil | D76: 13.99 | E76: - | F76: 17.96 | G76: - | H76: - | I76: -
B77: 69 | C77: Kan Royal | D77: 10.5 | E77: - | F77: 11.45 | G77: - | H77: - | I77: -
B78: 70 | C78: Kaysens | D78: - | E78: - | F78: - | G78: 15.08 | H78: - | I78: -
B79: 71 | C79: Koan Petroleum | D79: 13.7 | E79: - | F79: 17.35 | G79: 15.9 | H79: - | I79: -
B80: 72 | C80: KI Energy | D80: - | E80: - | F80: - | G80: 17.81 | H80: - | I80: -
B81: 73 | C81: Kings Energy | D81: 13.3 | E81: - | F81: 17.49 | G81: - | H81: - | I81: -
B82: 74 | C82: Kingsperp Oil Ltd | D82: 10.52 | E82: - | F82: 11.54 | G82: - | H82: - | I82: -
B83: 75 | C83: La Clem | D83: 13.62 | E83: - | F83: 15.4 | G83: - | H83: - | I83: -
B84: 76 | C84: Lamininbee | D84: - | E84: - | F84: - | G84: 14.81 | H84: - | I84: -
B85: 77 | C85: Lambark Gas | D85: - | E85: - | F85: - | G85: 14.5 | H85: - | I85: -
B86: 78 | C86: Liberty Petroleum | D86: 14.1 | E86: - | F86: 18.39 | G86: - | H86: - | I86: -
B87: 79 | C87: Life Energy | D87: 12.5 | E87: - | F87: 14.35 | G87: - | H87: - | I87: -
B88: 80 | C88: Liss Petroleum | D88: 10.52 | E88: - | F88: 11.34 | G88: - | H88: - | I88: 12.46
B89: 81 | C89: Lucky oil | D89: 13.85 | E89: - | F89: 17.6 | G89: 14.84 | H89: - | I89: -
B90: 82 | C90: Mm Energy | D90: 14 | E90: - | F90: 17.95 | G90: - | H90: - | I90: -
B91: 83 | C91: Manbah Gas | D91: - | E91: - | F91: - | G91: 15.72 | H91: - | I91: -
B92: 84 | C92: Maxx Energy | D92: 10.36 | E92: - | F92: 11.55 | G92: 15 | H92: - | I92: -
B93: 85 | C93: Mercy Oil | D93: 14.69 | E93: - | F93: 17.69 | G93: - | H93: - | I93: -
B94: 86 | C94: Midas Oil | D94: - | E94: - | F94: - | G94: 15.11 | H94: - | I94: -
B95: 87 | C95: Mighty Gas | D95: - | E95: - | F95: - | G95: 14.48 | H95: - | I95: -
B96: 88 | C96: Misa Energy | D96: 14.52 | F96: 18.5 | G96: 12.97 | H96: 11.84 | I96: -
B97: 89 | C97: Mobik Energy | D97: 13.99 | E97: - | F97: 17.65 | G97: - | H97: - | I97: -
B98: 90 | C98: More Fuel | D98: 13.5 | E98: - | F98: 17.3 | G98: - | H98: - | I98: -
B99: 91 | C99: Naagamni | D99: 13.57 | E99: - | F99: 17.99 | G99: - | H99: - | I99: 11.36
B100: 92 | C100: Nasona | D100: 13.5 | E100: - | F100: 17.2 | G100: - | H100: - | I100: -
B101: 93 | C101: Nexbons | D101: - | E101: - | F101: - | G101: 16.5 | H101: - | I101: -
B102: 94 | C102: Next Petroleum | D102: 13.5 | E102: - | F102: 17.1 | G102: 14.3 | H102: - | I102: -
B103: 95 | C103: Nick Petroleum | D103: 10.65 | E103: - | F103: 11.75 | G103: - | H103: - | I103: -
B104: 96 | C104: NOVA | D104: 13.3 | E104: - | F104: 17.1 | G104: - | H104: - | I104: -
B105: 97 | C105: N3 Limited | D105: 13.9 | E105: - | F105: 15.65 | G105: - | H105: - | I105: -
...

Sheet Ex-Pump Prices 9th April 2026
B2: NATIONAL PETROLEUM AUTHORITY
B6: EX-PUMP PRICES OF OMCs/LPGMCs AS OF 7th APRIL 2026
B8: NO. | C8: COMPANY | D8: REGULAR PETROL - RON 91 (GHS/Lt) | E8: PREMIUM PETROL - RON 95 (GHS/Lt) | F8: DIESEL (GHS/Lt) | G8: LPG (GHS/Kg) | H8: KEROSENE (GHS/Lt) | I8: MGO Local (GHS/Lt)
B9: 1 | C9: Agapet | D9: 14.72 | E9: - | F9: 18.1 | G9: - | H9: - | I9: -
B10: 2 | C10: Aegis huile | D10: 13.5 | E10: - | F10: 17.5 | G10: - | H10: - | I10: -
B11: 3 | C11: Akara Energy | D11: 13.07 | E11: - | F11: 16.05 | G11: - | H11: - | I11: -
B12: 4 | C12: AI Energy | D12: 13.89 | E12: - | F12: 17.99 | G12: - | H12: - | I12: -
B13: 5 | C13: Allied Oil | D13: 13.3 | E13: - | F13: 17.5 | G13: - | H13: - | I13: -
B14: 6 | C14: Alinco | D14: 13.56 | E14: - | F14: 17.56 | G14: - | H14: - | I14: -
B15: 7 | C15: Alive Gas | D15: - | E15: - | F15: - | G15: 15.81 | H15: - | I15: -
B16: 8 | C16: Aminso Energy | D16: 12 | E16: - | F16: 12.58 | G16: - | H16: - | I16: -
B17: 9 | C17: Anasset | D17: =-J5 -> 0 | E17: - | F17: - | G17: 15.3 | H17: - | I17: -
B18: 10 | C18: Andev | D18: - | E18: - | F18: - | G18: 14.91 | H18: - | I18: -
B19: 11 | C19: Annandale | D19: - | E19: - | F19: - | G19: 14.94 | H19: - | I19: -
B20: 12 | C20: Amdaway | D20: 13.56 | E20: - | F20: 17.56 | G20: - | H20: - | I20: -
B21: 13 | C21: Aminaser oil | D21: 13.3 | E21: - | F21: 17.1 | G21: - | H21: - | I21: -
B22: 14 | C22: Ap Oil & Gas | D22: 12.2 | E22: - | F22: 12.8 | G22: - | H22: - | I22: -
B23: 15 | C23: April Oil Ghana | D23: 13.99 | E23: - | F23: 17.7 | G23: - | H23: - | I23: -
B24: 16 | C24: Benab Oil | D24: 13.3 | E24: - | F24: 17.1 | G24: - | H24: - | I24: -
B25: 17 | C25: Baffour Gas | D25: - | E25: - | F25: - | G25: 15.5 | H25: - | I25: -
B26: 18 | C26: Beap Energy | D26: 16.07 | E26: - | F26: 18.6 | G26: - | H26: - | I26: -
B27: 19 | C27: BG Petroleum | D27: 13.57 | E27: - | F27: 15.49 | G27: - | H27: - | I27: -
B28: 20 | C28: Bloom Petroleum | D28: 13.99 | E28: - | F28: 17.99 | G28: - | H28: - | I28: -
B29: 21 | C29: Brogan Energy | D29: 13.57 | E29: - | F29: 15.55 | G29: - | H29: - | I29: -
B30: 22 | C30: Breedlove | D30: 13.5 | E30: - | F30: 17.5 | G30: - | H30: - | I30: -
B31: 23 | C31: Brent Petroleum | D31: 13.49 | E31: - | F31: 17.69 | G31: - | H31: - | I31: -
B32: 24 | C32: Buffallo | D32: 13.39 | E32: - | F32: 13.99 | G32: - | H32: - | I32: -
B33: 25 | C33: Central Brent | D33: - | E33: - | F33: - | G33: 14.11 | H33: - | I33: -
B34: 26 | C34: Cent Eastern | D34: - | E34: - | F34: - | G34: 14.83 | H34: - | I34: -
B35: 27 | C35: Oil Space | D35: - | E35: - | F35: - | G35: 14.84 | H35: - | I35: -
B36: 28 | C36: Coegan | D36: - | E36: - | F36: - | G36: 15.26 | H36: - | I36: -
B37: 29 | C37: Compass Oleum | D37: 14.62 | E37: - | F37: 18.45 | G37: - | H37: - | I37: -
B38: 30 | C38: Crown Petroleum | D38: 14.32 | E38: - | F38: 18.1 | G38: 18.53 | H38: - | I38: -
B39: 31 | C39: Desert oil | D39: 13.19 | E39: - | F39: 15.79 | G39: - | H39: - | I39: -
B40: 32 | C40: Dejon jones Ltd | D40: 14.57 | E40: - | F40: 18.65 | G40: - | H40: - | I40: -
B41: 33 | C41: Davis Petroleum | D41: 13.99 | E41: - | F41: 17.7 | G41: 15.21 | H41: - | I41: -
B42: 34 | C42: Dukes Petroleum | D42: 13.5 | E42: - | F42: 17.6 | G42: 15.16 | H42: - | I42: -
B43: 35 | C43: E. Windstar Petroleum | D43: 13.8 | E43: - | F43: 18.4 | G43: =G9 -> - | H43: - | I43: -
B44: 36 | C44: Eden Petroleum | D44: 14.49 | E44: - | F44: 17.99 | G44: - | H44: - | I44: -
B45: 37 | C45: Essence Energy | D45: 14.3 | E45: - | F45: 18.3 | G45: - | H45: - | I45: -
B46: 38 | C46: Energetic Petro gh | D46: 14.47 | E46: - | F46: 18.4 | G46: 13.117436 | H46: - | I46: -
B47: 39 | C47: Ex Oil | D47: 14.62 | E47: - | F47: 18.4 | G47: - | H47: - | I47: -
B48: 40 | C48: Earth Energy | D48: 13.99 | E48: - | F48: 17.33 | G48: - | H48: - | I48: -
B49: 41 | C49: EV Oil | D49: 13.9 | E49: - | F49: 17.1 | G49: - | H49: - | I49: -
B50: 42 | C50: Eza Petroleum | D50: 12.25 | E50: - | F50: 13.33 | G50: - | H50: - | I50: -
B51: 43 | C51: First Gas | D51: - | E51: - | F51: - | G51: 15 | H51: - | I51: -
B52: 44 | C52: Finest Oil | D52: 12.99 | E52: - | F52: 15.8 | G52: - | H52: - | I52: -
B53: 45 | C53: Fraga Oil | D53: 10.42 | E53: - | F53: 11.64 | G53: - | H53: - | I53: -
B54: 46 | C54: Frimps Oil | D54: 13.3 | E54: - | F54: 17.1 | G54: 12.1 | H54: - | I54: -
B55: 47 | C55: Frontier Oil | D55: 13.7 | E55: - | F55: 17.7 | G55: - | H55: - | I55: -
B56: 48 | C56: Gamma Petroleum | D56: 11.45 | E56: - | F56: 11.49 | G56: - | H56: - | I56: -
B57: 49 | C57: GB Oil | D57: 11.4 | E57: - | F57: 11.91 | G57: 12.8878 | H57: - | I57: -
B58: 50 | C58: Gab Energy | D58: 13.57 | E58: - | F58: 17.5 | G58: - | H58: 13.8 | I58: -
B59: 51 | C59: Gaso oil | D59: 12.47 | E59: - | F59: 15.95 | G59: 14.8 | H59: - | I59: -
B60: 52 | C60: Gogas | D60: - | E60: - | F60: - | G60: 15.5 | H60: - | I60: -
B61: 53 | C61: GOIL | D61: 13.3 | E61: 15.77 | F61: 17.1 | G61: 13.12 | H61: - | I61: 11.12
B62: 54 | C62: Goodness Energy | D62: 13.3 | E62: - | F62: 17.1 | G62: - | H62: - | I62: -
B63: 55 | C63: Gowell Energy | D63: 13.3 | E63: - | F63: 17.1 | G63: - | H63: - | I63: -
B64: 56 | C64: Group Trans africana Ltd | D64: 9.96 | E64: - | F64: 11.96 | G64: - | H64: - | I64: -
B65: 57 | C65: Grid Petroleum | D65: 10.99 | E65: - | F65: 11.99 | G65: - | H65: - | I65: -
B66: 58 | C66: Henos Energy | D66: - | E66: - | F66: - | G66: 14.6578 | H66: - | I66: -
B67: 59 | C67: Hills Oil | D67: - | E67: - | F67: - | G67: 14.82 | H67: - | I67: -
B68: 60 | C68: Huss Petroleum | D68: 14.57 | E68: - | F68: 17.9 | G68: - | H68: - | I68: -
B69: 61 | C69: IBM Petroleum | D69: 10.56 | E69: - | F69: 11.76 | G69: - | H69: - | I69: -
B70: 62 | C70: Icon Energy | D70: 13.3 | E70: - | F70: 17.35 | G70: - | H70: - | I70: =-'Ex-Pump Prices 9th April 2026'!J140 -> 0
B71: 63 | C71: Infin | D71: 13.69 | E71: - | F71: 17.69 | G71: 15.6 | H71: - | I71: -
B72: 64 | C72: JD Link | D72: 13.85 | E72: - | F72: 17.65 | G72: 14.66 | H72: - | I72: -
B73: 65 | C73: Joekona | D73: - | E73: - | F73: - | G73: 14.57 | H73: - | I73: -
B74: 66 | C74: Jusbro | D74: 15.09 | E74: - | F74: 18.87 | G74: 14.48 | H74: - | I74: -
B75: 67 | C75: JP Trustee | D75: 13.47 | E75: 14.97 | F75: 17.1 | G75: - | H75: - | I75: -
B76: 68 | C76: Kabore Oil | D76: 13.99 | E76: - | F76: 17.96 | G76: - | H76: - | I76: -
B77: 69 | C77: Kan Royal | D77: 10.5 | E77: - | F77: 11.45 | G77: - | H77: - | I77: -
B78: 70 | C78: Kaysens | D78: - | E78: - | F78: - | G78: 15.08 | H78: - | I78: -
B79: 71 | C79: Koan Petroleum | D79: 13.7 | E79: - | F79: 17.35 | G79: 15.9 | H79: - | I79: -
B80: 72 | C80: KI Energy | D80: - | E80: - | F80: - | G80: 17.81 | H80: - | I80: -
B81: 73 | C81: Kings Energy | D81: 13.3 | E81: - | F81: 17.49 | G81: - | H81: - | I81: -
B82: 74 | C82: Kingsperp Oil Ltd | D82: 10.52 | E82: - | F82: 11.54 | G82: - | H82: - | I82: -
B83: 75 | C83: La Clem | D83: 13.62 | E83: - | F83: 15.4 | G83: - | H83: - | I83: -
B84: 76 | C84: Lamininbee | D84: - | E84: - | F84: - | G84: 14.81 | H84: - | I84: -
B85: 77 | C85: Lambark Gas | D85: - | E85: - | F85: - | G85: 14.5 | H85: - | I85: -
B86: 78 | C86: Liberty Petroleum | D86: 14.1 | E86: - | F86: 18.39 | G86: - | H86: - | I86: -
B87: 79 | C87: Life Energy | D87: 12.5 | E87: - | F87: 14.35 | G87: - | H87: - | I87: -
B88: 80 | C88: Liss Petroleum | D88: 10.52 | E88: - | F88: 11.34 | G88: - | H88: - | I88: 12.46
B89: 81 | C89: Lucky oil | D89: 13.85 | E89: - | F89: 17.6 | G89: 14.84 | H89: - | I89: -
B90: 82 | C90: Mm Energy | D90: 14 | E90: - | F90: 17.95 | G90: - | H90: - | I90: -
B91: 83 | C91: Manbah Gas | D91: - | E91: - | F91: - | G91: 15.72 | H91: - | I91: -
B92: 84 | C92: Maxx Energy | D92: 10.36 | E92: - | F92: 11.55 | G92: 15 | H92: - | I92: -
B93: 85 | C93: Mercy Oil | D93: 14.69 | E93: - | F93: 17.69 | G93: - | H93: - | I93: -
B94: 86 | C94: Midas Oil | D94: - | E94: - | F94: - | G94: 15.11 | H94: - | I94: -
B95: 87 | C95: Mighty Gas | D95: - | E95: - | F95: - | G95: 14.48 | H95: - | I95: -
B96: 88 | C96: Misa Energy | D96: 14.52 | F96: 18.5 | G96: 12.97 | H96: 11.84 | I96: -
B97: 89 | C97: Mobik Energy | D97: 13.99 | E97: - | F97: 17.65 | G97: - | H97: - | I97: -
B98: 90 | C98: More Fuel | D98: 13.5 | E98: - | F98: 17.3 | G98: - | H98: - | I98: -
B99: 91 | C99: Naagamni | D99: 13.57 | E99: - | F99: 17.99 | G99: - | H99: - | I99: 11.36
B100: 92 | C100: Nasona | D100: 13.5 | E100: - | F100: 17.1 | G100: - | H100: - | I100: -
B101: 93 | C101: Nexbons | D101: - | E101: - | F101: - | G101: 16.5 | H101: - | I101: -
B102: 94 | C102: Next Petroleum | D102: 13.5 | E102: - | F102: 17.1 | G102: 14.3 | H102: - | I102: -
B103: 95 | C103: Nick Petroleum | D103: 10.65 | E103: - | F103: 11.75 | G103: - | H103: - | I103: -
B104: 96 | C104: NOVA | D104: 13.3 | E104: - | F104: 17.1 | G104: - | H104: - | I104: -
B105: 97 | C105: N3 Limited | D105: 13.9 | E105: - | F105: 15.65 | G105: - | H105: - | I105: -
...

Sheet Ex-Pump Prices 8th April 2026
B2: NATIONAL PETROLEUM AUTHORITY
B6: EX-PUMP PRICES OF OMCs/LPGMCs AS OF 7th APRIL 2026
B8: NO. | C8: COMPANY | D8: REGULAR PETROL - RON 91 (GHS/Lt) | E8: PREMIUM PETROL - RON 95 (GHS/Lt) | F8: DIESEL (GHS/Lt) | G8: LPG (GHS/Kg) | H8: KEROSENE (GHS/Lt) | I8: MGO Local (GHS/Lt)
B9: 1 | C9: Agapet | D9: 14.72 | E9: - | F9: 18.1 | G9: - | H9: - | I9: -
B10: 2 | C10: Aegis huile | D10: 13.5 | E10: - | F10: 17.5 | G10: - | H10: - | I10: -
B11: 3 | C11: Akara Energy | D11: 13.07 | E11: - | F11: 16.05 | G11: - | H11: - | I11: -
B12: 4 | C12: AI Energy | D12: 13.89 | E12: - | F12: 17.99 | G12: - | H12: - | I12: -
B13: 5 | C13: Allied Oil | D13: 13.5 | E13: - | F13: 17.5 | G13: - | H13: - | I13: -
B14: 6 | C14: Alinco | D14: 13.56 | E14: - | F14: 17.56 | G14: - | H14: - | I14: -
B15: 7 | C15: Alive Gas | D15: - | E15: - | F15: - | G15: 15.81 | H15: - | I15: -
B16: 8 | C16: Aminso Energy | D16: 12 | E16: - | F16: 12.58 | G16: - | H16: - | I16: -
B17: 9 | C17: Anasset | D17: =-J5 -> 0 | E17: - | F17: - | G17: 15 | H17: - | I17: -
B18: 10 | C18: Andev | D18: - | E18: - | F18: - | G18: 14.91 | H18: - | I18: -
B19: 11 | C19: Annandale | D19: - | E19: - | F19: - | G19: 14.94 | H19: - | I19: -
B20: 12 | C20: Amdaway | D20: 13.56 | E20: - | F20: 17.56 | G20: - | H20: - | I20: -
B21: 13 | C21: Aminaser oil | D21: 13.3 | E21: - | F21: 17.1 | G21: - | H21: - | I21: -
B22: 14 | C22: Ap Oil & Gas | D22: 12.2 | E22: - | F22: 12.8 | G22: - | H22: - | I22: -
B23: 15 | C23: April Oil Ghana | D23: 13.99 | E23: - | F23: 17.7 | G23: - | H23: - | I23: -
B24: 16 | C24: Benab Oil | D24: 13.3 | E24: - | F24: 17.1 | G24: - | H24: - | I24: -
B25: 17 | C25: Baffour Gas | D25: - | E25: - | F25: - | G25: 15.5 | H25: - | I25: -
B26: 18 | C26: Beap Energy | D26: 16.07 | E26: - | F26: 18.6 | G26: - | H26: - | I26: -
B27: 19 | C27: BG Petroleum | D27: 13.57 | E27: - | F27: 15.49 | G27: - | H27: - | I27: -
B28: 20 | C28: Bloom Petroleum | D28: 13.99 | E28: - | F28: 17.99 | G28: - | H28: - | I28: -
B29: 21 | C29: Brogan Energy | D29: 13.57 | E29: - | F29: 15.55 | G29: - | H29: - | I29: -
B30: 22 | C30: Breedlove | D30: 13.5 | E30: - | F30: 17.5 | G30: - | H30: - | I30: -
B31: 23 | C31: Brent Petroleum | D31: 13.49 | E31: - | F31: 17.69 | G31: - | H31: - | I31: -
B32: 24 | C32: Buffallo | D32: 13.39 | E32: - | F32: 13.99 | G32: - | H32: - | I32: -
B33: 25 | C33: Central Brent | D33: - | E33: - | F33: - | G33: 14.11 | H33: - | I33: -
B34: 26 | C34: Cent Eastern | D34: - | E34: - | F34: - | G34: 14.83 | H34: - | I34: -
B35: 27 | C35: Oil Space | D35: - | E35: - | F35: - | G35: 14.84 | H35: - | I35: -
B36: 28 | C36: Coegan | D36: - | E36: - | F36: - | G36: 15.26 | H36: - | I36: -
B37: 29 | C37: Compass Oleum | D37: 14.62 | E37: - | F37: 18.45 | G37: - | H37: - | I37: -
B38: 30 | C38: Crown Petroleum | D38: 13.29 | E38: - | F38: 16.25 | G38: 18.55 | H38: - | I38: -
B39: 31 | C39: Desert oil | D39: 13.19 | E39: - | F39: 15.79 | G39: - | H39: - | I39: -
B40: 32 | C40: Dejon jones Ltd | D40: 14.57 | E40: - | F40: 18.65 | G40: - | H40: - | I40: -
B41: 33 | C41: Davis Petroleum | D41: 13.99 | E41: - | F41: 17.7 | G41: 15.21 | H41: - | I41: -
B42: 34 | C42: Dukes Petroleum | D42: 13.5 | E42: - | F42: 17.6 | G42: 15.16 | H42: - | I42: -
B43: 35 | C43: E. Windstar Petroleum | D43: 13.8 | E43: - | F43: 18.4 | G43: =G9 -> - | H43: - | I43: -
B44: 36 | C44: Eden Petroleum | D44: 14.49 | E44: - | F44: 17.99 | G44: - | H44: - | I44: -
B45: 37 | C45: Essence Energy | D45: 14.3 | E45: - | F45: 18.3 | G45: - | H45: - | I45: -
B46: 38 | C46: Energetic Petro gh | D46: 14.47 | E46: - | F46: 18.4 | G46: 13.117436 | H46: - | I46: -
B47: 39 | C47: Ex Oil | D47: 14.62 | E47: - | F47: 18.4 | G47: - | H47: - | I47: -
B48: 40 | C48: Earth Energy | D48: 13.99 | E48: - | F48: 17.33 | G48: - | H48: - | I48: -
B49: 41 | C49: EV Oil | D49: 13.9 | E49: - | F49: 17.1 | G49: - | H49: - | I49: -
B50: 42 | C50: Eza Petroleum | D50: 12.25 | E50: - | F50: 13.33 | G50: - | H50: - | I50: -
B51: 43 | C51: First Gas | D51: - | E51: - | F51: - | G51: 15 | H51: - | I51: -
B52: 44 | C52: Finest Oil | D52: 12.99 | E52: - | F52: 15.8 | G52: - | H52: - | I52: -
B53: 45 | C53: Fraga Oil | D53: 10.42 | E53: - | F53: 11.64 | G53: - | H53: - | I53: -
B54: 46 | C54: Frimps Oil | D54: 13.39 | E54: - | F54: 17.59 | G54: 12.1 | H54: - | I54: -
B55: 47 | C55: Frontier Oil | D55: 13.7 | E55: - | F55: 17.7 | G55: - | H55: - | I55: -
B56: 48 | C56: Gamma Petroleum | D56: 11.45 | E56: - | F56: 11.49 | G56: - | H56: - | I56: -
B57: 49 | C57: GB Oil | D57: 11.4 | E57: - | F57: 11.91 | G57: 12.8878 | H57: - | I57: -
B58: 50 | C58: Gab Energy | D58: 13.57 | E58: - | F58: 17.5 | G58: - | H58: 13.8 | I58: -
B59: 51 | C59: Gaso oil | D59: 12.47 | E59: - | F59: 15.95 | G59: 14.8 | H59: - | I59: -
B60: 52 | C60: Gogas | D60: - | E60: - | F60: - | G60: 15.5 | H60: - | I60: -
B61: 53 | C61: GOIL | D61: 13.3 | E61: 14.35 | F61: 17.1 | G61: 13.12 | H61: - | I61: 11.12
B62: 54 | C62: Goodness Energy | D62: 13.3 | E62: - | F62: 17.1 | G62: - | H62: - | I62: -
B63: 55 | C63: Gowell Energy | D63: 13.3 | E63: - | F63: 17.1 | G63: - | H63: - | I63: -
B64: 56 | C64: Group Trans africana Ltd | D64: 9.96 | E64: - | F64: 11.96 | G64: - | H64: - | I64: -
B65: 57 | C65: Grid Petroleum | D65: 10.99 | E65: - | F65: 11.99 | G65: - | H65: - | I65: -
B66: 58 | C66: Henos Energy | D66: - | E66: - | F66: - | G66: 14.6578 | H66: - | I66: -
B67: 59 | C67: Hills Oil | D67: - | E67: - | F67: - | G67: 14.82 | H67: - | I67: -
B68: 60 | C68: Huss Petroleum | D68: 14.57 | E68: - | F68: 17.9 | G68: - | H68: - | I68: -
B69: 61 | C69: IBM Petroleum | D69: 10.56 | E69: - | F69: 11.76 | G69: - | H69: - | I69: -
B70: 62 | C70: Icon Energy | D70: 13.3 | E70: - | F70: 17.35 | G70: - | H70: - | I70: =-'Ex-Pump Prices 8th April 2026'!J139 -> 0
B71: 63 | C71: Infin | D71: 13.69 | E71: - | F71: 17.69 | G71: 15.6 | H71: - | I71: -
B72: 64 | C72: JD Link | D72: 13.85 | E72: - | F72: 17.65 | G72: 14.66 | H72: - | I72: -
B73: 65 | C73: Joekona | D73: - | E73: - | F73: - | G73: 14.57 | H73: - | I73: -
B74: 66 | C74: Jusbro | D74: 15.09 | E74: - | F74: 18.87 | G74: 14.48 | H74: - | I74: -
B75: 67 | C75: JP Trustee | D75: 13.47 | E75: 14.97 | F75: 17.1 | G75: - | H75: - | I75: -
B76: 68 | C76: Kabore Oil | D76: 13.99 | E76: - | F76: 17.96 | G76: - | H76: - | I76: -
B77: 69 | C77: Kan Royal | D77: 10.5 | E77: - | F77: 11.45 | G77: - | H77: - | I77: -
B78: 70 | C78: Kaysens | D78: - | E78: - | F78: - | G78: 15.08 | H78: - | I78: -
B79: 71 | C79: Koan Petroleum | D79: 13.7 | E79: - | F79: 17.35 | G79: 15.9 | H79: - | I79: -
B80: 72 | C80: KI Energy | D80: - | E80: - | F80: - | G80: 17.81 | H80: - | I80: -
B81: 73 | C81: Kings Energy | D81: 13.3 | E81: - | F81: 17.49 | G81: - | H81: - | I81: -
B82: 74 | C82: Kingsperp Oil Ltd | D82: 10.52 | E82: - | F82: 11.54 | G82: - | H82: - | I82: -
B83: 75 | C83: La Clem | D83: 13.62 | E83: - | F83: 15.4 | G83: - | H83: - | I83: -
B84: 76 | C84: Lamininbee | D84: - | E84: - | F84: - | G84: 14.81 | H84: - | I84: -
B85: 77 | C85: Lambark Gas | D85: - | E85: - | F85: - | G85: 14.5 | H85: - | I85: -
B86: 78 | C86: Liberty Petroleum | D86: 14.1 | E86: - | F86: 18.39 | G86: - | H86: - | I86: -
B87: 79 | C87: Life Energy | D87: 12.5 | E87: - | F87: 14.35 | G87: - | H87: - | I87: -
B88: 80 | C88: Liss Petroleum | D88: 10.52 | E88: - | F88: 11.34 | G88: - | H88: - | I88: 12.46
B89: 81 | C89: Lucky oil | D89: 13.85 | E89: - | F89: 17.6 | G89: 14.84 | H89: - | I89: -
B90: 82 | C90: Mm Energy | D90: 14 | E90: - | F90: 17.95 | G90: - | H90: - | I90: -
B91: 83 | C91: Manbah Gas | D91: - | E91: - | F91: - | G91: 15.72 | H91: - | I91: -
B92: 84 | C92: Maxx Energy | D92: 10.36 | E92: - | F92: 11.55 | G92: 15 | H92: - | I92: -
B93: 85 | C93: Mercy Oil | D93: 14.69 | E93: - | F93: 17.69 | G93: - | H93: - | I93: -
B94: 86 | C94: Midas Oil | D94: - | E94: - | F94: - | G94: 15.11 | H94: - | I94: -
B95: 87 | C95: Mighty Gas | D95: - | E95: - | F95: - | G95: 14.48 | H95: - | I95: -
B96: 88 | C96: Misa Energy | D96: 14.52 | F96: 18.5 | G96: 12.97 | H96: 11.84 | I96: -
B97: 89 | C97: Mobik Energy | D97: 13.99 | E97: - | F97: 17.65 | G97: - | H97: - | I97: -
B98: 90 | C98: More Fuel | D98: 13.5 | E98: - | F98: 17.3 | G98: - | H98: - | I98: -
B99: 91 | C99: Naagamni | D99: 13.57 | E99: - | F99: 17.99 | G99: - | H99: - | I99: 11.36
B100: 92 | C100: Nasona | D100: 13.99 | E100: - | F100: 17.99 | G100: - | H100: - | I100: -
B101: 93 | C101: Nexbons | D101: - | E101: - | F101: - | G101: 16.5 | H101: - | I101: -
B102: 94 | C102: Next Petroleum | D102: 13.5 | E102: - | F102: 17.1 | G102: 14.3 | H102: - | I102: -
B103: 95 | C103: Nick Petroleum | D103: 10.65 | E103: - | F103: 11.75 | G103: - | H103: - | I103: -
B104: 96 | C104: NOVA | D104: 13.3 | E104: - | F104: 17.1 | G104: - | H104: - | I104: -
B105: 97 | C105: N3 Limited | D105: 13.9 | E105: - | F105: 15.65 | G105: - | H105: - | I105: -
...

Sheet Ex-Pump Prices 7th April 20 (2)
B2: NATIONAL PETROLEUM AUTHORITY
B6: EX-PUMP PRICES OF OMCs/LPGMCs AS OF 7th APRIL 2026
B8: NO. | C8: COMPANY | D8: REGULAR PETROL - RON 91 (GHS/Lt) | E8: PREMIUM PETROL - RON 95 (GHS/Lt) | F8: DIESEL (GHS/Lt) | G8: LPG (GHS/Kg) | H8: KEROSENE (GHS/Lt) | I8: MGO Local (GHS/Lt)
B9: 1 | C9: Agapet | D9: 14.72 | E9: - | F9: 18.1 | G9: - | H9: - | I9: -
B10: 2 | C10: Aegis huile | D10: 13.5 | E10: - | F10: 17.5 | G10: - | H10: - | I10: -
B11: 3 | C11: Akara Energy | D11: 13.07 | E11: - | F11: 16.05 | G11: - | H11: - | I11: -
B12: 4 | C12: AI Energy | D12: 13.89 | E12: - | F12: 17.99 | G12: - | H12: - | I12: -
B13: 5 | C13: Allied Oil | D13: 13.5 | E13: - | F13: 17.5 | G13: - | H13: - | I13: -
B14: 6 | C14: Alinco | D14: 13.56 | E14: - | F14: 17.56 | G14: - | H14: - | I14: -
B15: 7 | C15: Alive Gas | D15: - | E15: - | F15: - | G15: 15.81 | H15: - | I15: -
B16: 8 | C16: Aminso Energy | D16: 12 | E16: - | F16: 12.58 | G16: - | H16: - | I16: -
B17: 9 | C17: Anasset | D17: =-J5 -> 0 | E17: - | F17: - | G17: 15 | H17: - | I17: -
B18: 10 | C18: Andev | D18: - | E18: - | F18: - | G18: 14.91 | H18: - | I18: -
B19: 11 | C19: Annandale | D19: - | E19: - | F19: - | G19: 14.94 | H19: - | I19: -
B20: 12 | C20: Amdaway | D20: 13.56 | E20: - | F20: 17.56 | G20: - | H20: - | I20: -
B21: 13 | C21: Aminaser oil | D21: 13.3 | E21: - | F21: 17.1 | G21: - | H21: - | I21: -
B22: 14 | C22: Ap Oil & Gas | D22: 12.2 | E22: - | F22: 12.8 | G22: - | H22: - | I22: -
B23: 15 | C23: April Oil Ghana | D23: 13.99 | E23: - | F23: 17.7 | G23: - | H23: - | I23: -
B24: 16 | C24: Benab Oil | D24: 13.3 | E24: - | F24: 17.1 | G24: - | H24: - | I24: -
B25: 17 | C25: Baffour Gas | D25: - | E25: - | F25: - | G25: 15.5 | H25: - | I25: -
B26: 18 | C26: Beap Energy | D26: 16.07 | E26: - | F26: 18.6 | G26: - | H26: - | I26: -
B27: 19 | C27: BG Petroleum | D27: 13.57 | E27: - | F27: 15.49 | G27: - | H27: - | I27: -
B28: 20 | C28: Bloom Petroleum | D28: 13.99 | E28: - | F28: 17.99 | G28: - | H28: - | I28: -
B29: 21 | C29: Brogan Energy | D29: 13.57 | E29: - | F29: 15.55 | G29: - | H29: - | I29: -
B30: 22 | C30: Breedlove | D30: 13.5 | E30: - | F30: 17.5 | G30: - | H30: - | I30: -
B31: 23 | C31: Brent Petroleum | D31: 13.49 | E31: - | F31: 17.69 | G31: - | H31: - | I31: -
B32: 24 | C32: Buffallo | D32: 13.39 | E32: - | F32: 13.99 | G32: - | H32: - | I32: -
B33: 25 | C33: Central Brent | D33: - | E33: - | F33: - | G33: 14.11 | H33: - | I33: -
B34: 26 | C34: Cent Eastern | D34: - | E34: - | F34: - | G34: 14.83 | H34: - | I34: -
B35: 27 | C35: Oil Space | D35: - | E35: - | F35: - | G35: 14.84 | H35: - | I35: -
B36: 28 | C36: Coegan | D36: - | E36: - | F36: - | G36: 15.26 | H36: - | I36: -
B37: 29 | C37: Compass Oleum | D37: 14.62 | E37: - | F37: 18.45 | G37: - | H37: - | I37: -
B38: 30 | C38: Crown Petroleum | D38: 13.29 | E38: - | F38: 16.25 | G38: 18.55 | H38: - | I38: -
B39: 31 | C39: Desert oil | D39: 13.19 | E39: - | F39: 15.79 | G39: - | H39: - | I39: -
B40: 32 | C40: Dejon jones Ltd | D40: 14.57 | E40: - | F40: 18.65 | G40: - | H40: - | I40: -
B41: 33 | C41: Davis Petroleum | D41: 13.99 | E41: - | F41: 17.7 | G41: 15.21 | H41: - | I41: -
B42: 34 | C42: Dukes Petroleum | D42: 13.5 | E42: - | F42: 17.6 | G42: 15.16 | H42: - | I42: -
B43: 35 | C43: E. Windstar Petroleum | D43: 13.8 | E43: - | F43: 17.9 | G43: =G9 -> - | H43: - | I43: -
B44: 36 | C44: Eden Petroleum | D44: 14.49 | E44: - | F44: 17.99 | G44: - | H44: - | I44: -
B45: 37 | C45: Essence Energy | D45: 14.3 | E45: - | F45: 18.3 | G45: - | H45: - | I45: -
B46: 38 | C46: Energetic Petro gh | D46: 14.47 | E46: - | F46: 18.4 | G46: 13.117436 | H46: - | I46: -
B47: 39 | C47: Ex Oil | D47: 14.62 | E47: - | F47: 18.4 | G47: - | H47: - | I47: -
B48: 40 | C48: Earth Energy | D48: 13.99 | E48: - | F48: 17.33 | G48: - | H48: - | I48: -
B49: 41 | C49: EV Oil | D49: 13.9 | E49: - | F49: 17.1 | G49: - | H49: - | I49: -
B50: 42 | C50: Eza Petroleum | D50: 12.25 | E50: - | F50: 13.33 | G50: - | H50: - | I50: -
B51: 43 | C51: First Gas | D51: - | E51: - | F51: - | G51: 15 | H51: - | I51: -
B52: 44 | C52: Finest Oil | D52: 12.99 | E52: - | F52: 15.8 | G52: - | H52: - | I52: -
B53: 45 | C53: Fraga Oil | D53: 10.42 | E53: - | F53: 11.64 | G53: - | H53: - | I53: -
B54: 46 | C54: Frimps Oil | D54: 13.39 | E54: - | F54: 17.59 | G54: 12.1 | H54: - | I54: -
B55: 47 | C55: Frontier Oil | D55: 13.7 | E55: - | F55: 17.7 | G55: - | H55: - | I55: -
B56: 48 | C56: Gamma Petroleum | D56: 11.45 | E56: - | F56: 11.49 | G56: - | H56: - | I56: -
B57: 49 | C57: GB Oil | D57: 11.4 | E57: - | F57: 11.91 | G57: 12.8878 | H57: - | I57: -
B58: 50 | C58: Gab Energy | D58: 13.57 | E58: - | F58: 17.5 | G58: - | H58: 13.8 | I58: -
B59: 51 | C59: Gaso oil | D59: 12.47 | E59: - | F59: 15.95 | G59: 14.8 | H59: - | I59: -
B60: 52 | C60: Gogas | D60: - | E60: - | F60: - | G60: 15.5 | H60: - | I60: -
B61: 53 | C61: GOIL | D61: 13.3 | E61: 14.35 | F61: 17.1 | G61: 13.12 | H61: - | I61: 11.12
B62: 54 | C62: Goodness Energy | D62: 13.3 | E62: - | F62: 17.1 | G62: - | H62: - | I62: -
B63: 55 | C63: Gowell Energy | D63: 14.35 | E63: - | F63: 17.95 | G63: - | H63: - | I63: -
B64: 56 | C64: Group Trans africana Ltd | D64: 9.96 | E64: - | F64: 11.96 | G64: - | H64: - | I64: -
B65: 57 | C65: Grid Petroleum | D65: 10.99 | E65: - | F65: 11.99 | G65: - | H65: - | I65: -
B66: 58 | C66: Henos Energy | D66: - | E66: - | F66: - | G66: 14.6578 | H66: - | I66: -
B67: 59 | C67: Hills Oil | D67: - | E67: - | F67: - | G67: 14.82 | H67: - | I67: -
B68: 60 | C68: Huss Petroleum | D68: 14.57 | E68: - | F68: 17.9 | G68: - | H68: - | I68: -
B69: 61 | C69: IBM Petroleum | D69: 10.56 | E69: - | F69: 11.76 | G69: - | H69: - | I69: -
B70: 62 | C70: Icon Energy | D70: 13.3 | E70: - | F70: 17.1 | G70: - | H70: - | I70: =-'Ex-Pump Prices 7th April 20 (2)'!J139 -> 0
B71: 63 | C71: Infin | D71: 13.69 | E71: - | F71: 17.69 | G71: 15.6 | H71: - | I71: -
B72: 64 | C72: JD Link | D72: 13.85 | E72: - | F72: 17.65 | G72: 14.66 | H72: - | I72: -
B73: 65 | C73: Joekona | D73: - | E73: - | F73: - | G73: 14.57 | H73: - | I73: -
B74: 66 | C74: Jusbro | D74: 15.09 | E74: - | F74: 18.87 | G74: 14.48 | H74: - | I74: -
B75: 67 | C75: JP Trustee | D75: 13.97 | E75: 13.57 | F75: 17.67 | G75: - | H75: - | I75: -
B76: 68 | C76: Kabore Oil | D76: 13.99 | E76: - | F76: 17.96 | G76: - | H76: - | I76: -
B77: 69 | C77: Kan Royal | D77: 10.5 | E77: - | F77: 11.45 | G77: - | H77: - | I77: -
B78: 70 | C78: Kaysens | D78: - | E78: - | F78: - | G78: 15.08 | H78: - | I78: -
B79: 71 | C79: Koan Petroleum | D79: 13.7 | E79: - | F79: 17.35 | G79: 15.9 | H79: - | I79: -
B80: 72 | C80: KI Energy | D80: - | E80: - | F80: - | G80: 17.81 | H80: - | I80: -
B81: 73 | C81: Kings Energy | D81: 13.3 | E81: - | F81: 17.49 | G81: - | H81: - | I81: -
B82: 74 | C82: Kingsperp Oil Ltd | D82: 10.52 | E82: - | F82: 11.54 | G82: - | H82: - | I82: -
B83: 75 | C83: La Clem | D83: 13.62 | E83: - | F83: 15.4 | G83: - | H83: - | I83: -
B84: 76 | C84: Lamininbee | D84: - | E84: - | F84: - | G84: 14.81 | H84: - | I84: -
B85: 77 | C85: Lambark Gas | D85: - | E85: - | F85: - | G85: 14.5 | H85: - | I85: -
B86: 78 | C86: Liberty Petroleum | D86: 14.1 | E86: - | F86: 18.39 | G86: - | H86: - | I86: -
B87: 79 | C87: Life Energy | D87: 12.5 | E87: - | F87: 14.35 | G87: - | H87: - | I87: -
B88: 80 | C88: Liss Petroleum | D88: 10.52 | E88: - | F88: 11.34 | G88: - | H88: - | I88: 12.46
B89: 81 | C89: Lucky oil | D89: 13.85 | E89: - | F89: 17.6 | G89: 14.84 | H89: - | I89: -
B90: 82 | C90: Mm Energy | D90: 14 | E90: - | F90: 17.95 | G90: - | H90: - | I90: -
B91: 83 | C91: Manbah Gas | D91: - | E91: - | F91: - | G91: 15.72 | H91: - | I91: -
B92: 84 | C92: Maxx Energy | D92: 10.36 | E92: - | F92: 11.55 | G92: 15 | H92: - | I92: -
B93: 85 | C93: Mercy Oil | D93: 14.69 | E93: - | F93: 17.69 | G93: - | H93: - | I93: -
B94: 86 | C94: Midas Oil | D94: - | E94: - | F94: - | G94: 15.11 | H94: - | I94: -
B95: 87 | C95: Mighty Gas | D95: - | E95: - | F95: - | G95: 14.48 | H95: - | I95: -
B96: 88 | C96: Misa Energy | D96: 14.52 | F96: 18.5 | G96: 12.97 | H96: 11.84 | I96: -
B97: 89 | C97: Mobik Energy | D97: 13.99 | E97: - | F97: 17.65 | G97: - | H97: - | I97: -
B98: 90 | C98: More Fuel | D98: 13.5 | E98: - | F98: 17.3 | G98: - | H98: - | I98: -
B99: 91 | C99: Naagamni | D99: 13.57 | E99: - | F99: 17.99 | G99: - | H99: - | I99: 11.36
B100: 92 | C100: Nasona | D100: 13.99 | E100: - | F100: 17.99 | G100: - | H100: - | I100: -
B101: 93 | C101: Nexbons | D101: - | E101: - | F101: - | G101: 16.5 | H101: - | I101: -
B102: 94 | C102: Next Petroleum | D102: 13.5 | E102: - | F102: 17.1 | G102: 14.3 | H102: - | I102: -
B103: 95 | C103: Nick Petroleum | D103: 10.65 | E103: - | F103: 11.75 | G103: - | H103: - | I103: -
B104: 96 | C104: NOVA | D104: 13.3 | E104: - | F104: 17.1 | G104: - | H104: - | I104: -
B105: 97 | C105: N3 Limited | D105: 13.9 | E105: - | F105: 15.65 | G105: - | H105: - | I105: -
...

Sheet Ex-Pump Prices 2nd April 2026
B2: NATIONAL PETROLEUM AUTHORITY
B6: EX-PUMP PRICES OF OMCs/LPGMCs AS OF 2nd APRIL 2026
B8: NO. | C8: COMPANY | D8: REGULAR PETROL - RON 91 (GHS/Lt) | E8: PREMIUM PETROL - RON 95 (GHS/Lt) | F8: DIESEL (GHS/Lt) | G8: LPG (GHS/Kg) | H8: KEROSENE (GHS/Lt) | I8: MGO Local (GHS/Lt)
B9: 1 | C9: Agapet | D9: 14.72 | E9: - | F9: 18.1 | G9: - | H9: - | I9: -
B10: 2 | C10: Aegis huile | D10: 13.5 | E10: - | F10: 17.5 | G10: - | H10: - | I10: -
B11: 3 | C11: Akara Energy | D11: 13.07 | E11: - | F11: 16.05 | G11: - | H11: - | I11: -
B12: 4 | C12: AI Energy | D12: 13.89 | E12: - | F12: 17.99 | G12: - | H12: - | I12: -
B13: 5 | C13: Allied Oil | D13: 13.5 | E13: - | F13: 17.5 | G13: - | H13: - | I13: -
B14: 6 | C14: Alinco | D14: 13.56 | E14: - | F14: 17.56 | G14: - | H14: - | I14: -
B15: 7 | C15: Alive Gas | D15: - | E15: - | F15: - | G15: 15.81 | H15: - | I15: -
B16: 8 | C16: Aminso Energy | D16: 12 | E16: - | F16: 12.58 | G16: - | H16: - | I16: -
B17: 9 | C17: Anasset | D17: =-J5 -> 0 | E17: - | F17: - | G17: 15 | H17: - | I17: -
B18: 10 | C18: Andev | D18: - | E18: - | F18: - | G18: 14.91 | H18: - | I18: -
B19: 11 | C19: Annandale | D19: - | E19: - | F19: - | G19: 14.94 | H19: - | I19: -
B20: 12 | C20: Amdaway | D20: 13.56 | E20: - | F20: 17.56 | G20: - | H20: - | I20: -
B21: 13 | C21: Aminaser oil | D21: 13.3 | E21: - | F21: 17.1 | G21: - | H21: - | I21: -
B22: 14 | C22: Ap Oil & Gas | D22: 12.2 | E22: - | F22: 12.8 | G22: - | H22: - | I22: -
B23: 15 | C23: April Oil Ghana | D23: 12.6 | E23: - | F23: 15.4 | G23: - | H23: - | I23: -
B24: 16 | C24: Benab Oil | D24: 13.3 | E24: - | F24: 17.1 | G24: - | H24: - | I24: -
B25: 17 | C25: Baffour Gas | D25: - | E25: - | F25: - | G25: 15.5 | H25: - | I25: -
B26: 18 | C26: Beap Energy | D26: 16.07 | E26: - | F26: 18.6 | G26: - | H26: - | I26: -
B27: 19 | C27: BG Petroleum | D27: 13.57 | E27: - | F27: 15.49 | G27: - | H27: - | I27: -
B28: 20 | C28: Bloom Petroleum | D28: 13.99 | E28: - | F28: 17.99 | G28: - | H28: - | I28: -
B29: 21 | C29: Brogan Energy | D29: 13.57 | E29: - | F29: 15.55 | G29: - | H29: - | I29: -
B30: 22 | C30: Breedlove | D30: 13.5 | E30: - | F30: 17.5 | G30: - | H30: - | I30: -
B31: 23 | C31: Brent Petroleum | D31: 13.49 | E31: - | F31: 17.69 | G31: - | H31: - | I31: -
B32: 24 | C32: Buffallo | D32: 13.39 | E32: - | F32: 13.99 | G32: - | H32: - | I32: -
B33: 25 | C33: Central Brent | D33: - | E33: - | F33: - | G33: 14.11 | H33: - | I33: -
B34: 26 | C34: Cent Eastern | D34: - | E34: - | F34: - | G34: 14.83 | H34: - | I34: -
B35: 27 | C35: Oil Space | D35: - | E35: - | F35: - | G35: 14.84 | H35: - | I35: -
B36: 28 | C36: Coegan | D36: - | E36: - | F36: - | G36: 15.26 | H36: - | I36: -
B37: 29 | C37: Compass Oleum | D37: 14.62 | E37: - | F37: 18.45 | G37: - | H37: - | I37: -
B38: 30 | C38: Crown Petroleum | D38: 13.29 | E38: - | F38: 16.25 | G38: 18.55 | H38: - | I38: -
B39: 31 | C39: Desert oil | D39: 13.19 | E39: - | F39: 15.79 | G39: - | H39: - | I39: -
B40: 32 | C40: Dejon jones Ltd | D40: 14.57 | E40: - | F40: 18.65 | G40: - | H40: - | I40: -
B41: 33 | C41: Davis Petroleum | D41: 13.99 | E41: - | F41: 17.7 | G41: 15.21 | H41: - | I41: -
B42: 34 | C42: Dukes Petroleum | D42: 13.5 | E42: - | F42: 17.6 | G42: 15.16 | H42: - | I42: -
B43: 35 | C43: E. Windstar Petroleum | D43: 13.5 | E43: - | F43: 17.4 | G43: =G9 -> - | H43: - | I43: -
B44: 36 | C44: Eden Petroleum | D44: 14.49 | E44: - | F44: 17.99 | G44: - | H44: - | I44: -
B45: 37 | C45: Essence Energy | D45: 14.3 | E45: - | F45: 18.3 | G45: - | H45: - | I45: -
B46: 38 | C46: Energetic Petro gh | D46: 14.47 | E46: - | F46: 18.4 | G46: 13.117436 | H46: - | I46: -
B47: 39 | C47: Ex Oil | D47: 14.62 | E47: - | F47: 18.4 | G47: - | H47: - | I47: -
B48: 40 | C48: Earth Energy | D48: 13.99 | E48: - | F48: 17.33 | G48: - | H48: - | I48: -
B49: 41 | C49: EV Oil | D49: 13.9 | E49: - | F49: 17.1 | G49: - | H49: - | I49: -
B50: 42 | C50: Eza Petroleum | D50: 12.25 | E50: - | F50: 13.33 | G50: - | H50: - | I50: -
B51: 43 | C51: First Gas | D51: - | E51: - | F51: - | G51: 15 | H51: - | I51: -
B52: 44 | C52: Finest Oil | D52: 13.9 | E52: - | F52: 17.9 | G52: - | H52: - | I52: -
B53: 45 | C53: Fraga Oil | D53: 10.42 | E53: - | F53: 11.64 | G53: - | H53: - | I53: -
B54: 46 | C54: Frimps Oil | D54: 13.39 | E54: - | F54: 17.59 | G54: 12.1 | H54: - | I54: -
B55: 47 | C55: Frontier Oil | D55: 13.3 | E55: - | F55: 17.1 | G55: - | H55: - | I55: -
B56: 48 | C56: Gamma Petroleum | D56: 11.45 | E56: - | F56: 11.49 | G56: - | H56: - | I56: -
B57: 49 | C57: GB Oil | D57: 11.4 | E57: - | F57: 11.91 | G57: 12.8878 | H57: - | I57: -
B58: 50 | C58: Gab Energy | D58: 13.57 | E58: - | F58: 17.5 | G58: - | H58: 13.8 | I58: -
B59: 51 | C59: Gaso oil | D59: 12.47 | E59: - | F59: 15.95 | G59: 14.8 | H59: - | I59: -
B60: 52 | C60: Gogas | D60: - | E60: - | F60: - | G60: 15.5 | H60: - | I60: -
B61: 53 | C61: GOIL | D61: 13.3 | E61: 14.35 | F61: 17.1 | G61: 13.12 | H61: - | I61: 11.12
B62: 54 | C62: Goodness Energy | D62: 13.3 | E62: - | F62: 17.1 | G62: - | H62: - | I62: -
B63: 55 | C63: Gowell Energy | D63: 14.95 | E63: - | F63: 17.95 | G63: - | H63: - | I63: -
B64: 56 | C64: Group Trans africana Ltd | D64: 9.96 | E64: - | F64: 11.96 | G64: - | H64: - | I64: -
B65: 57 | C65: Grid Petroleum | D65: 10.99 | E65: - | F65: 11.99 | G65: - | H65: - | I65: -
B66: 58 | C66: Henos Energy | D66: - | E66: - | F66: - | G66: 14.6578 | H66: - | I66: -
B67: 59 | C67: Hills Oil | D67: - | E67: - | F67: - | G67: 14.82 | H67: - | I67: -
B68: 60 | C68: Huss Petroleum | D68: 14.57 | E68: - | F68: 17.9 | G68: - | H68: - | I68: -
B69: 61 | C69: IBM Petroleum | D69: 10.56 | E69: - | F69: 11.76 | G69: - | H69: - | I69: -
B70: 62 | C70: Icon Energy | D70: 13.3 | E70: - | F70: 17.1 | G70: - | H70: - | I70: =-'Ex-Pump Prices 2nd April 2026'!J139 -> 0
B71: 63 | C71: Infin | D71: 11.99 | E71: - | F71: 14.35 | G71: 13.4 | H71: - | I71: -
B72: 64 | C72: JD Link | D72: 14.71 | E72: - | F72: 18.2 | G72: 14.06 | H72: - | I72: -
B73: 65 | C73: Joekona | D73: - | E73: - | F73: - | G73: 14.57 | H73: - | I73: -
B74: 66 | C74: Jusbro | D74: 15.09 | E74: - | F74: 18.87 | G74: 14.48 | H74: - | I74: -
B75: 67 | C75: JP Trustee | D75: 13.97 | E75: 13.57 | F75: 17.67 | G75: - | H75: - | I75: -
B76: 68 | C76: Kabore Oil | D76: 14.49 | E76: - | F76: 18.29 | G76: - | H76: - | I76: -
B77: 69 | C77: Kan Royal | D77: 10.5 | E77: - | F77: 11.45 | G77: - | H77: - | I77: -
B78: 70 | C78: Kaysens | D78: - | E78: - | F78: - | G78: 15.08 | H78: - | I78: -
B79: 71 | C79: Koan Petroleum | D79: 13.7 | E79: - | F79: 17.35 | G79: 15.9 | H79: - | I79: -
B80: 72 | C80: KI Energy | D80: - | E80: - | F80: - | G80: 17.81 | H80: - | I80: -
B81: 73 | C81: Kings Energy | D81: 13.3 | E81: - | F81: 17.49 | G81: - | H81: - | I81: -
B82: 74 | C82: Kingsperp Oil Ltd | D82: 10.52 | E82: - | F82: 11.54 | G82: - | H82: - | I82: -
B83: 75 | C83: La Clem | D83: 13.62 | E83: - | F83: 15.4 | G83: - | H83: - | I83: -
B84: 76 | C84: Lamininbee | D84: - | E84: - | F84: - | G84: 15.66 | H84: - | I84: -
B85: 77 | C85: Lambark Gas | D85: - | E85: - | F85: - | G85: 14.5 | H85: - | I85: -
B86: 78 | C86: Liberty Petroleum | D86: 13.99 | E86: - | F86: 17.99 | G86: - | H86: - | I86: -
B87: 79 | C87: Life Energy | D87: 12.5 | E87: - | F87: 14.35 | G87: - | H87: - | I87: -
B88: 80 | C88: Liss Petroleum | D88: 10.52 | E88: - | F88: 11.34 | G88: - | H88: - | I88: 12.46
B89: 81 | C89: Lucky oil | D89: 13.85 | E89: - | F89: 17.6 | G89: 14.84 | H89: - | I89: -
B90: 82 | C90: Mm Energy | D90: 14 | E90: - | F90: 17.95 | G90: - | H90: - | I90: -
B91: 83 | C91: Manbah Gas | D91: - | E91: - | F91: - | G91: 15.72 | H91: - | I91: -
B92: 84 | C92: Maxx Energy | D92: 10.36 | E92: - | F92: 11.55 | G92: 15 | H92: - | I92: -
B93: 85 | C93: Mercy Oil | D93: 14.69 | E93: - | F93: 17.69 | G93: - | H93: - | I93: -
B94: 86 | C94: Midas Oil | D94: - | E94: - | F94: - | G94: 15.11 | H94: - | I94: -
B95: 87 | C95: Mighty Gas | D95: - | E95: - | F95: - | G95: 14.48 | H95: - | I95: -
B96: 88 | C96: Misa Energy | D96: 14.52 | F96: 18.5 | G96: 12.97 | H96: 11.84 | I96: -
B97: 89 | C97: Mobik Energy | D97: 13.99 | E97: - | F97: 17.65 | G97: - | H97: - | I97: -
B98: 90 | C98: More Fuel | D98: 13.5 | E98: - | F98: 17.3 | G98: - | H98: - | I98: -
B99: 91 | C99: Naagamni | D99: 13.57 | E99: - | F99: 17.1 | G99: - | H99: - | I99: 11.36
B100: 92 | C100: Nasona | D100: 13.57 | E100: - | F100: 17.97 | G100: - | H100: - | I100: -
B101: 93 | C101: Nexbons | D101: - | E101: - | F101: - | G101: 16.5 | H101: - | I101: -
B102: 94 | C102: Next Petroleum | D102: 13.5 | E102: - | F102: 17.1 | G102: 14.3 | H102: - | I102: -
B103: 95 | C103: Nick Petroleum | D103: 10.65 | E103: - | F103: 11.75 | G103: - | H103: - | I103: -
B104: 96 | C104: NOVA | D104: 13.3 | E104: - | F104: 17.1 | G104: - | H104: - | I104: -
B105: 97 | C105: N3 Limited | D105: 13.9 | E105: - | F105: 15.65 | G105: - | H105: - | I105: -
...

Sheet Ex-Pump Prices 1st April 2026
B2: NATIONAL PETROLEUM AUTHORITY
B6: EX-PUMP PRICES OF OMCs/LPGMCs AS OF 1st APRIL 2026
B8: NO. | C8: COMPANY | D8: REGULAR PETROL - RON 91 (GHS/Lt) | E8: PREMIUM PETROL - RON 95 (GHS/Lt) | F8: DIESEL (GHS/Lt) | G8: LPG (GHS/Kg) | H8: KEROSENE (GHS/Lt) | I8: MGO Local (GHS/Lt)
B9: 1 | C9: Agapet | D9: 14.72 | E9: - | F9: 18.1 | G9: - | H9: - | I9: -
B10: 2 | C10: Aegis huile | D10: 13.3 | E10: - | F10: 17.1 | G10: - | H10: - | I10: -
B11: 3 | C11: Akara Energy | D11: 13.07 | E11: - | F11: 16.05 | G11: - | H11: - | I11: -
B12: 4 | C12: AI Energy | D12: 13.89 | E12: - | F12: 17.99 | G12: - | H12: - | I12: -
B13: 5 | C13: Allied Oil | D13: 13.5 | E13: - | F13: 17.5 | G13: - | H13: - | I13: -
B14: 6 | C14: Alinco | D14: 12.49 | E14: - | F14: 15.99 | G14: - | H14: - | I14: -
B15: 7 | C15: Alive Gas | D15: - | E15: - | F15: - | G15: 15.81 | H15: - | I15: -
B16: 8 | C16: Aminso Energy | D16: 12 | E16: - | F16: 12.58 | G16: - | H16: - | I16: -
B17: 9 | C17: Anasset | D17: =-J5 -> 0 | E17: - | F17: - | G17: 14.8 | H17: - | I17: -
B18: 10 | C18: Andev | D18: - | E18: - | F18: - | G18: 14.91 | H18: - | I18: -
B19: 11 | C19: Annandale | D19: - | E19: - | F19: - | G19: 14.94 | H19: - | I19: -
B20: 12 | C20: Amdaway | D20: 13.56 | E20: - | F20: 17.56 | G20: - | H20: - | I20: -
B21: 13 | C21: Aminaser oil | D21: 13.3 | E21: - | F21: 17.1 | G21: - | H21: - | I21: -
B22: 14 | C22: Ap Oil & Gas | D22: 12.2 | E22: - | F22: 12.8 | G22: - | H22: - | I22: -
B23: 15 | C23: April Oil Ghana | D23: 12.6 | E23: - | F23: 15.4 | G23: - | H23: - | I23: -
B24: 16 | C24: Benab Oil | D24: 13.7 | E24: - | F24: 17.9 | G24: - | H24: - | I24: -
B25: 17 | C25: Baffour Gas | D25: - | E25: - | F25: - | G25: 15.5 | H25: - | I25: -
B26: 18 | C26: Beap Energy | D26: 16.07 | E26: - | F26: 18.6 | G26: - | H26: - | I26: -
B27: 19 | C27: BG Petroleum | D27: 13.57 | E27: - | F27: 15.49 | G27: - | H27: - | I27: -
B28: 20 | C28: Bloom Petroleum | D28: 13.99 | E28: - | F28: 17.99 | G28: - | H28: - | I28: -
B29: 21 | C29: Brogan Energy | D29: 13.57 | E29: - | F29: 15.55 | G29: - | H29: - | I29: -
B30: 22 | C30: Breedlove | D30: 13.5 | E30: - | F30: 16.49 | G30: - | H30: - | I30: -
B31: 23 | C31: Brent Petroleum | D31: 13.49 | E31: - | F31: 17.69 | G31: - | H31: - | I31: -
B32: 24 | C32: Buffallo | D32: 13.39 | E32: - | F32: 13.99 | G32: - | H32: - | I32: -
B33: 25 | C33: Central Brent | D33: - | E33: - | F33: - | G33: 14.11 | H33: - | I33: -
B34: 26 | C34: Cent Eastern | D34: - | E34: - | F34: - | G34: 14.82 | H34: - | I34: -
B35: 27 | C35: Oil Space | D35: - | E35: - | F35: - | G35: 14.84 | H35: - | I35: -
B36: 28 | C36: Coegan | D36: - | E36: - | F36: - | G36: 16.26 | H36: - | I36: -
B37: 29 | C37: Compass Oleum | D37: 14.62 | E37: - | F37: 18.45 | G37: - | H37: - | I37: -
B38: 30 | C38: Crown Petroleum | D38: 13.29 | E38: - | F38: 16.25 | G38: 18.55 | H38: - | I38: -
B39: 31 | C39: Desert oil | D39: 13.19 | E39: - | F39: 15.79 | G39: - | H39: - | I39: -
B40: 32 | C40: Dejon jones Ltd | D40: 13.92 | E40: - | F40: 16.5 | G40: - | H40: - | I40: -
B41: 33 | C41: Davis Petroleum | D41: 13.29 | E41: - | F41: 16.49 | G41: 15.21 | H41: - | I41: -
B42: 34 | C42: Dukes Petroleum | D42: 13.3 | E42: - | F42: 17.1 | G42: 14.11 | H42: - | I42: -
B43: 35 | C43: E. Windstar Petroleum | D43: 13.5 | E43: - | F43: 17.4 | G43: =G9 -> - | H43: - | I43: -
B44: 36 | C44: Eden Petroleum | D44: 14.02 | E44: - | F44: 15.8 | G44: - | H44: - | I44: -
B45: 37 | C45: Essence Energy | D45: 14.3 | E45: - | F45: 18.3 | G45: - | H45: - | I45: -
B46: 38 | C46: Energetic Petro gh | D46: 14.47 | E46: - | F46: 18.4 | G46: 13.117436 | H46: - | I46: -
B47: 39 | C47: Ex Oil | D47: 14.62 | E47: - | F47: 18.4 | G47: - | H47: - | I47: -
B48: 40 | C48: Earth Energy | D48: 13.99 | E48: - | F48: 17.33 | G48: - | H48: - | I48: -
B49: 41 | C49: EV Oil | D49: 13.5 | E49: - | F49: 16.5 | G49: - | H49: - | I49: -
B50: 42 | C50: Eza Petroleum | D50: 12.25 | E50: - | F50: 13.33 | G50: - | H50: - | I50: -
B51: 43 | C51: First Gas | D51: - | E51: - | F51: - | G51: 15 | H51: - | I51: -
B52: 44 | C52: Finest Oil | D52: 13.9 | E52: - | F52: 17.9 | G52: - | H52: - | I52: -
B53: 45 | C53: Fraga Oil | D53: 10.42 | E53: - | F53: 11.64 | G53: - | H53: - | I53: -
B54: 46 | C54: Frimps Oil | D54: 13.39 | E54: - | F54: 17.59 | G54: 12.1 | H54: - | I54: -
B55: 47 | C55: Frontier Oil | D55: 13.2 | E55: - | F55: 16.99 | G55: - | H55: - | I55: -
B56: 48 | C56: Gamma Petroleum | D56: 11.45 | E56: - | F56: 11.49 | G56: - | H56: - | I56: -
B57: 49 | C57: GB Oil | D57: 11.4 | E57: - | F57: 11.91 | G57: 12.8878 | H57: - | I57: -
B58: 50 | C58: Gab Energy | D58: 12.77 | E58: - | F58: 13.77 | G58: - | H58: 10.8 | I58: -
B59: 51 | C59: Gaso oil | D59: 12.47 | E59: - | F59: 15.95 | G59: 14.8 | H59: - | I59: -
B60: 52 | C60: Gogas | D60: - | E60: - | F60: - | G60: 15.5 | H60: - | I60: -
B61: 53 | C61: GOIL | D61: 13.3 | E61: 14.35 | F61: 17.1 | G61: 13.12 | H61: - | I61: 11.12
B62: 54 | C62: Goodness Energy | D62: 13.3 | E62: - | F62: 17.1 | G62: - | H62: - | I62: -
B63: 55 | C63: Gowell Energy | D63: 14.95 | E63: - | F63: 17.95 | G63: - | H63: - | I63: -
B64: 56 | C64: Group Trans africana Ltd | D64: 9.96 | E64: - | F64: 11.96 | G64: - | H64: - | I64: -
B65: 57 | C65: Grid Petroleum | D65: 10.99 | E65: - | F65: 11.99 | G65: - | H65: - | I65: -
B66: 58 | C66: Henos Energy | D66: - | E66: - | F66: - | G66: 14.6578 | H66: - | I66: -
B67: 59 | C67: Hills Oil | D67: - | E67: - | F67: - | G67: 14.76 | H67: - | I67: -
B68: 60 | C68: Huss Petroleum | D68: 14.57 | E68: - | F68: 17.9 | G68: - | H68: - | I68: -
B69: 61 | C69: IBM Petroleum | D69: 10.56 | E69: - | F69: 11.76 | G69: - | H69: - | I69: -
B70: 62 | C70: Icon Energy | D70: 13.3 | E70: - | F70: 17.1 | G70: - | H70: - | I70: =-'Ex-Pump Prices 1st April 2026'!J139 -> 0
B71: 63 | C71: Infin | D71: 11.99 | E71: - | F71: 14.35 | G71: 13.4 | H71: - | I71: -
B72: 64 | C72: JD Link | D72: 14.71 | E72: - | F72: 18.2 | G72: 14.06 | H72: - | I72: -
B73: 65 | C73: Joekona | D73: - | E73: - | F73: - | G73: 15.56 | H73: - | I73: -
B74: 66 | C74: Jusbro | D74: 15.09 | E74: - | F74: 18.87 | G74: 14.48 | H74: - | I74: -
B75: 67 | C75: JP Trustee | D75: 13.97 | E75: 13.57 | F75: 17.67 | G75: - | H75: - | I75: -
B76: 68 | C76: Kabore Oil | D76: 14.49 | E76: - | F76: 18.29 | G76: - | H76: - | I76: -
B77: 69 | C77: Kan Royal | D77: 10.5 | E77: - | F77: 11.45 | G77: - | H77: - | I77: -
B78: 70 | C78: Kaysens | D78: - | E78: - | F78: - | G78: 16.08 | H78: - | I78: -
B79: 71 | C79: Koan Petroleum | D79: 13.7 | E79: - | F79: 17.35 | G79: 15.9 | H79: - | I79: -
B80: 72 | C80: KI Energy | D80: - | E80: - | F80: - | G80: 17.81 | H80: - | I80: -
B81: 73 | C81: Kings Energy | D81: 13.5 | E81: - | F81: 17.97 | G81: - | H81: - | I81: -
B82: 74 | C82: Kingsperp Oil Ltd | D82: 10.52 | E82: - | F82: 11.54 | G82: - | H82: - | I82: -
B83: 75 | C83: La Clem | D83: 13.3 | E83: - | F83: 17.1 | G83: - | H83: - | I83: -
B84: 76 | C84: Lamininbee | D84: - | E84: - | F84: - | G84: 15.66 | H84: - | I84: -
B85: 77 | C85: Lambark Gas | D85: - | E85: - | F85: - | G85: 14.5 | H85: - | I85: -
B86: 78 | C86: Liberty Petroleum | D86: 13.99 | E86: - | F86: 17.99 | G86: - | H86: - | I86: -
B87: 79 | C87: Life Energy | D87: 12.5 | E87: - | F87: 14.35 | G87: - | H87: - | I87: -
B88: 80 | C88: Liss Petroleum | D88: 10.52 | E88: - | F88: 11.34 | G88: - | H88: - | I88: 12.46
B89: 81 | C89: Lucky oil | D89: 12.57 | E89: - | F89: 15.98 | G89: 14.84 | H89: - | I89: -
B90: 82 | C90: Mm Energy | D90: 14 | E90: - | F90: 17.95 | G90: - | H90: - | I90: -
B91: 83 | C91: Manbah Gas | D91: - | E91: - | F91: - | G91: 15.72 | H91: - | I91: -
B92: 84 | C92: Maxx Energy | D92: 10.36 | E92: - | F92: 11.55 | G92: 15 | H92: - | I92: -
B93: 85 | C93: Mercy Oil | D93: 14.69 | E93: - | F93: 17.69 | G93: - | H93: - | I93: -
B94: 86 | C94: Midas Oil | D94: - | E94: - | F94: - | G94: 15.11 | H94: - | I94: -
B95: 87 | C95: Mighty Gas | D95: - | E95: - | F95: - | G95: 17.48 | H95: - | I95: -
B96: 88 | C96: Misa Energy | D96: 14.52 | F96: 18.5 | G96: 12.97 | H96: 11.84 | I96: -
B97: 89 | C97: Mobik Energy | D97: 13.99 | E97: - | F97: 17.65 | G97: - | H97: - | I97: -
B98: 90 | C98: More Fuel | D98: 13.5 | E98: - | F98: 17.3 | G98: - | H98: - | I98: -
B99: 91 | C99: Naagamni | D99: 13.57 | E99: - | F99: 17.1 | G99: - | H99: - | I99: 11.36
B100: 92 | C100: Nasona | D100: 13.57 | E100: - | F100: 17.97 | G100: - | H100: - | I100: -
B101: 93 | C101: Nexbons | D101: - | E101: - | F101: - | G101: 15.51 | H101: - | I101: -
B102: 94 | C102: Next Petroleum | D102: 13.5 | E102: - | F102: 17.1 | G102: 14.3 | H102: - | I102: -
B103: 95 | C103: Nick Petroleum | D103: 10.65 | E103: - | F103: 11.75 | G103: - | H103: - | I103: -
B104: 96 | C104: NOVA | D104: 13.3 | E104: - | F104: 17.1 | G104: - | H104: - | I104: -
B105: 97 | C105: N3 Limited | D105: 13.9 | E105: - | F105: 15.65 | G105: - | H105: - | I105: -
...

Sheet Ex-Pump Prices 31st March 2026 
B2: NATIONAL PETROLEUM AUTHORITY
B6: EX-PUMP PRICES OF OMCs/LPGMCs AS OF 31st MARCH 2026
B8: NO. | C8: COMPANY | D8: REGULAR PETROL - RON 91 (GHS/Lt) | E8: PREMIUM PETROL - RON 95 (GHS/Lt) | F8: DIESEL (GHS/Lt) | G8: LPG (GHS/Kg) | H8: KEROSENE (GHS/Lt) | I8: MGO Local (GHS/Lt)
B9: 1 | C9: Agapet | D9: 14.17 | E9: - | F9: 16.95 | G9: - | H9: - | I9: -
B10: 2 | C10: Aegis huile | D10: 13.3 | E10: - | F10: 17.1 | G10: - | H10: - | I10: -
B11: 3 | C11: Akara Energy | D11: 13.07 | E11: - | F11: 16.05 | G11: - | H11: - | I11: -
B12: 4 | C12: AI Energy | D12: 13.89 | E12: - | F12: 17.99 | G12: - | H12: - | I12: -
B13: 5 | C13: Allied Oil | D13: 12.57 | E13: - | F13: 15.95 | G13: - | H13: - | I13: -
B14: 6 | C14: Alinco | D14: 12.49 | E14: - | F14: 15.99 | G14: - | H14: - | I14: -
B15: 7 | C15: Alive Gas | D15: - | E15: - | F15: - | G15: 13.26 | H15: - | I15: -
B16: 8 | C16: Aminso Energy | D16: 12 | E16: - | F16: 12.58 | G16: - | H16: - | I16: -
B17: 9 | C17: Anasset | D17: =-J5 -> 0 | E17: - | F17: - | G17: 14.8 | H17: - | I17: -
B18: 10 | C18: Andev | D18: - | E18: - | F18: - | G18: 14.91 | H18: - | I18: -
B19: 11 | C19: Annandale | D19: - | E19: - | F19: - | G19: 14.94 | H19: - | I19: -
B20: 12 | C20: Amdaway | D20: 12.45 | E20: - | F20: 15.45 | G20: - | H20: - | I20: -
B21: 13 | C21: Aminaser oil | D21: 12.39 | E21: - | F21: 15.39 | G21: - | H21: - | I21: -
B22: 14 | C22: Ap Oil & Gas | D22: 12.2 | E22: - | F22: 12.8 | G22: - | H22: - | I22: -
B23: 15 | C23: April Oil Ghana | D23: 12.6 | E23: - | F23: 15.4 | G23: - | H23: - | I23: -
B24: 16 | C24: Benab Oil | D24: 12.6 | E24: - | F24: 15.75 | G24: - | H24: - | I24: -
B25: 17 | C25: Baffour Gas | D25: - | E25: - | F25: - | G25: 15.5 | H25: - | I25: -
B26: 18 | C26: Beap Energy | D26: 16.07 | E26: - | F26: 18.6 | G26: - | H26: - | I26: -
B27: 19 | C27: BG Petroleum | D27: 13.57 | E27: - | F27: 15.49 | G27: - | H27: - | I27: -
B28: 20 | C28: Bloom Petroleum | D28: 13.59 | E28: - | F28: 16.59 | G28: - | H28: - | I28: -
B29: 21 | C29: Brogan Energy | D29: 13.57 | E29: - | F29: 15.55 | G29: - | H29: - | I29: -
B30: 22 | C30: Breedlove | D30: 13.5 | E30: - | F30: 16.49 | G30: - | H30: - | I30: -
B31: 23 | C31: Brent Petroleum | D31: 13.5 | E31: - | F31: 15.7 | G31: - | H31: - | I31: -
B32: 24 | C32: Buffallo | D32: 13.39 | E32: - | F32: 13.99 | G32: - | H32: - | I32: -
B33: 25 | C33: Central Brent | D33: - | E33: - | F33: - | G33: 13.46 | H33: - | I33: -
B34: 26 | C34: Cent Eastern | D34: - | E34: - | F34: - | G34: 14.82 | H34: - | I34: -
B35: 27 | C35: Oil Space | D35: - | E35: - | F35: - | G35: 14.84 | H35: - | I35: -
B36: 28 | C36: Coegan | D36: - | E36: - | F36: - | G36: 15.26 | H36: - | I36: -
B37: 29 | C37: Compass Oleum | D37: 13.57 | E37: - | F37: 16.3 | G37: - | H37: - | I37: -
B38: 30 | C38: Crown Petroleum | D38: 13.29 | E38: - | F38: 16.25 | G38: 18.55 | H38: - | I38: -
B39: 31 | C39: Desert oil | D39: 13.19 | E39: - | F39: 15.79 | G39: - | H39: - | I39: -
B40: 32 | C40: Dejon jones Ltd | D40: 13.92 | E40: - | F40: 16.5 | G40: - | H40: - | I40: -
B41: 33 | C41: Davis Petroleum | D41: 13.29 | E41: - | F41: 16.49 | G41: 15.21 | H41: - | I41: -
B42: 34 | C42: Dukes Petroleum | D42: 13.3 | E42: - | F42: 17.1 | G42: 14.11 | H42: - | I42: -
B43: 35 | C43: E. Windstar Petroleum | D43: 13.5 | E43: - | F43: 17.4 | G43: =G9 -> - | H43: - | I43: -
B44: 36 | C44: Eden Petroleum | D44: 14.02 | E44: - | F44: 15.8 | G44: - | H44: - | I44: -
B45: 37 | C45: Essence Energy | D45: 13.29 | E45: - | F45: 15.99 | G45: - | H45: - | I45: -
B46: 38 | C46: Energetic Petro gh | D46: 13.27 | E46: - | F46: 16 | G46: 13.117436 | H46: - | I46: -
B47: 39 | C47: Ex Oil | D47: 13.55 | E47: - | F47: 16.8 | G47: - | H47: - | I47: -
B48: 40 | C48: Earth Energy | D48: 12.79 | E48: - | F48: 13.99 | G48: - | H48: - | I48: -
B49: 41 | C49: EV Oil | D49: 13.5 | E49: - | F49: 16.5 | G49: - | H49: - | I49: -
B50: 42 | C50: Eza Petroleum | D50: 12.25 | E50: - | F50: 13.33 | G50: - | H50: - | I50: -
B51: 43 | C51: First Gas | D51: - | E51: - | F51: - | G51: 15 | H51: - | I51: -
B52: 44 | C52: Finest Oil | D52: 10.99 | E52: - | F52: 12.4 | G52: - | H52: - | I52: -
B53: 45 | C53: Fraga Oil | D53: 10.42 | E53: - | F53: 11.64 | G53: - | H53: - | I53: -
B54: 46 | C54: Frimps Oil | D54: 12.57 | E54: - | F54: 15.55 | G54: 12.1 | H54: - | I54: -
B55: 47 | C55: Frontier Oil | D55: 13.2 | E55: - | F55: 16.99 | G55: - | H55: - | I55: -
B56: 48 | C56: Gamma Petroleum | D56: 11.45 | E56: - | F56: 11.49 | G56: - | H56: - | I56: -
B57: 49 | C57: GB Oil | D57: 11.4 | E57: - | F57: 11.91 | G57: 12.8878 | H57: - | I57: -
B58: 50 | C58: Gab Energy | D58: 12.77 | E58: - | F58: 13.77 | G58: - | H58: 10.8 | I58: -
B59: 51 | C59: Gaso oil | D59: 12.47 | E59: - | F59: 15.95 | G59: 14.8 | H59: - | I59: -
B60: 52 | C60: Gogas | D60: - | E60: - | F60: - | G60: 15.5 | H60: - | I60: -
B61: 53 | C61: GOIL | D61: 13.3 | E61: 14.35 | F61: 17.1 | G61: 13.12 | H61: - | I61: 11.12
B62: 54 | C62: Goodness Energy | D62: 12.39 | E62: - | F62: 15.39 | G62: - | H62: - | I62: -
B63: 55 | C63: Gowell Energy | D63: 14.95 | E63: - | F63: 17.95 | G63: - | H63: - | I63: -
B64: 56 | C64: Group Trans africana Ltd | D64: 9.96 | E64: - | F64: 11.96 | G64: - | H64: - | I64: -
B65: 57 | C65: Grid Petroleum | D65: 10.99 | E65: - | F65: 11.99 | G65: - | H65: - | I65: -
B66: 58 | C66: Henos Energy | D66: - | E66: - | F66: - | G66: 14.6578 | H66: - | I66: -
B67: 59 | C67: Hills Oil | D67: - | E67: - | F67: - | G67: 14.76 | H67: - | I67: -
B68: 60 | C68: Huss Petroleum | D68: 13.5 | E68: - | F68: 17.9 | G68: - | H68: - | I68: -
B69: 61 | C69: IBM Petroleum | D69: 10.56 | E69: - | F69: 11.76 | G69: - | H69: - | I69: -
B70: 62 | C70: Icon Energy | D70: 13.3 | E70: - | F70: 17.1 | G70: - | H70: - | I70: =-'Ex-Pump Prices 31st March 2026 '!J139 -> 0
B71: 63 | C71: Infin | D71: 11.99 | E71: - | F71: 14.35 | G71: 13.4 | H71: - | I71: -
B72: 64 | C72: JD Link | D72: 13.99 | E72: - | F72: 17.8 | G72: 14.66 | H72: - | I72: -
B73: 65 | C73: Joekona | D73: - | E73: - | F73: - | G73: 14.57 | H73: - | I73: -
B74: 66 | C74: Jusbro | D74: 14.04 | E74: - | F74: 16.02 | G74: 13.13 | H74: - | I74: -
B75: 67 | C75: JP Trustee | D75: 12.57 | E75: 13.57 | F75: 15.87 | G75: - | H75: - | I75: -
B76: 68 | C76: Kabore Oil | D76: 13.45 | E76: - | F76: 15.99 | G76: - | H76: - | I76: -
B77: 69 | C77: Kan Royal | D77: 10.5 | E77: - | F77: 11.45 | G77: - | H77: - | I77: -
B78: 70 | C78: Kaysens | D78: - | E78: - | F78: - | G78: 15.08 | H78: - | I78: -
B79: 71 | C79: Koan Petroleum | D79: 13.7 | E79: - | F79: 17.1 | G79: 15.9 | H79: - | I79: -
B80: 72 | C80: KI Energy | D80: - | E80: - | F80: - | G80: 16.61 | H80: - | I80: -
B81: 73 | C81: Kings Energy | D81: 13.5 | E81: - | F81: 17.97 | G81: - | H81: - | I81: -
B82: 74 | C82: Kingsperp Oil Ltd | D82: 10.52 | E82: - | F82: 11.54 | G82: - | H82: - | I82: -
B83: 75 | C83: La Clem | D83: 13.3 | E83: - | F83: 17.1 | G83: - | H83: - | I83: -
B84: 76 | C84: Lamininbee | D84: - | E84: - | F84: - | G84: 15.66 | H84: - | I84: -
B85: 77 | C85: Lambark Gas | D85: - | E85: - | F85: - | G85: 14.5 | H85: - | I85: -
B86: 78 | C86: Liberty Petroleum | D86: 13.99 | E86: - | F86: 17.3 | G86: - | H86: - | I86: -
B87: 79 | C87: Life Energy | D87: 12.5 | E87: - | F87: 14.35 | G87: - | H87: - | I87: -
B88: 80 | C88: Liss Petroleum | D88: 10.52 | E88: - | F88: 11.34 | G88: - | H88: - | I88: 12.46
B89: 81 | C89: Lucky oil | D89: 12.57 | E89: - | F89: 15.98 | G89: 14.84 | H89: - | I89: -
B90: 82 | C90: Mm Energy | D90: 13.29 | E90: - | F90: 15.99 | G90: - | H90: - | I90: -
B91: 83 | C91: Manbah Gas | D91: - | E91: - | F91: - | G91: 14.72 | H91: - | I91: -
B92: 84 | C92: Maxx Energy | D92: 10.36 | E92: - | F92: 11.55 | G92: 15 | H92: - | I92: -
B93: 85 | C93: Mercy Oil | D93: 14.69 | E93: - | F93: 17.69 | G93: - | H93: - | I93: -
B94: 86 | C94: Midas Oil | D94: - | E94: - | F94: - | G94: 15.11 | H94: - | I94: -
B95: 87 | C95: Mighty Gas | D95: - | E95: - | F95: - | G95: 17.48 | H95: - | I95: -
B96: 88 | C96: Misa Energy | D96: 12.99 | F96: 16.89 | G96: 12.97 | H96: 11.84 | I96: -
B97: 89 | C97: Mobik Energy | D97: 13.99 | E97: - | F97: 17.97 | G97: - | H97: - | I97: -
B98: 90 | C98: More Fuel | D98: 13.5 | E98: - | F98: 15.99 | G98: - | H98: - | I98: -
B99: 91 | C99: Naagamni | D99: 13.57 | E99: - | F99: 17.1 | G99: - | H99: - | I99: 11.36
B100: 92 | C100: Nasona | D100: 13.57 | E100: - | F100: 17.97 | G100: - | H100: - | I100: -
B101: 93 | C101: Nexbons | D101: - | E101: - | F101: - | G101: 15.51 | H101: - | I101: -
B102: 94 | C102: Next Petroleum | D102: 12.5 | E102: - | F102: 15.7 | G102: 12.85 | H102: - | I102: -
B103: 95 | C103: Nick Petroleum | D103: 10.65 | E103: - | F103: 11.75 | G103: - | H103: - | I103: -
B104: 96 | C104: NOVA | D104: 13.49 | E104: - | F104: 17.97 | G104: - | H104: - | I104: -
B105: 97 | C105: N3 Limited | D105: 13.9 | E105: - | F105: 15.65 | G105: - | H105: - | I105: -
...

Sheet Ex-Pump Prices 30th March 2 (2)
B2: NATIONAL PETROLEUM AUTHORITY
B6: EX-PUMP PRICES OF OMCs/LPGMCs AS OF 30TH MARCH 2026
B8: NO. | C8: COMPANY | D8: REGULAR PETROL - RON 91 (GHS/Lt) | E8: PREMIUM PETROL - RON 95 (GHS/Lt) | F8: DIESEL (GHS/Lt) | G8: LPG (GHS/Kg) | H8: KEROSENE (GHS/Lt) | I8: MGO Local (GHS/Lt)
B9: 1 | C9: Agapet | D9: 14.17 | E9: - | F9: 16.95 | G9: - | H9: - | I9: -
B10: 2 | C10: Aegis huile | D10: 12.99 | E10: - | F10: 15.99 | G10: - | H10: - | I10: -
B11: 3 | C11: Akara Energy | D11: 13.07 | E11: - | F11: 16.05 | G11: - | H11: - | I11: -
B12: 4 | C12: AI Energy | D12: 13.27 | E12: - | F12: 16.67 | G12: - | H12: - | I12: -
B13: 5 | C13: Allied Oil | D13: 12.57 | E13: - | F13: 15.95 | G13: - | H13: - | I13: -
B14: 6 | C14: Alinco | D14: 12.49 | E14: - | F14: 15.99 | G14: - | H14: - | I14: -
B15: 7 | C15: Alive Gas | D15: - | E15: - | F15: - | G15: 13.26 | H15: - | I15: -
B16: 8 | C16: Aminso Energy | D16: 12 | E16: - | F16: 12.58 | G16: - | H16: - | I16: -
B17: 9 | C17: Anasset | D17: =-J5 -> 0 | E17: - | F17: - | G17: 14.8 | H17: - | I17: -
B18: 10 | C18: Andev | D18: - | E18: - | F18: - | G18: 14.91 | H18: - | I18: -
B19: 11 | C19: Annandale | D19: - | E19: - | F19: - | G19: 14.94 | H19: - | I19: -
B20: 12 | C20: Amdaway | D20: 12.45 | E20: - | F20: 15.45 | G20: - | H20: - | I20: -
B21: 13 | C21: Aminaser oil | D21: 12.39 | E21: - | F21: 15.39 | G21: - | H21: - | I21: -
B22: 14 | C22: Ap Oil & Gas | D22: 12.2 | E22: - | F22: 12.8 | G22: - | H22: - | I22: -
B23: 15 | C23: April Oil Ghana | D23: 12.6 | E23: - | F23: 15.4 | G23: - | H23: - | I23: -
B24: 16 | C24: Benab Oil | D24: 12.6 | E24: - | F24: 15.75 | G24: - | H24: - | I24: -
B25: 17 | C25: Baffour Gas | D25: - | E25: - | F25: - | G25: 15.5 | H25: - | I25: -
B26: 18 | C26: Beap Energy | D26: 13.47 | E26: - | F26: 15.45 | G26: - | H26: - | I26: -
B27: 19 | C27: BG Petroleum | D27: 13.57 | E27: - | F27: 15.49 | G27: - | H27: - | I27: -
B28: 20 | C28: Bloom Petroleum | D28: 13.49 | E28: - | F28: 15.99 | G28: - | H28: - | I28: -
B29: 21 | C29: Brogan Energy | D29: 13.57 | E29: - | F29: 15.55 | G29: - | H29: - | I29: -
B30: 22 | C30: Breedlove | D30: 13.5 | E30: - | F30: 16.49 | G30: - | H30: - | I30: -
B31: 23 | C31: Brent Petroleum | D31: 13.5 | E31: - | F31: 15.7 | G31: - | H31: - | I31: -
B32: 24 | C32: Buffallo | D32: 13.39 | E32: - | F32: 13.99 | G32: - | H32: - | I32: -
B33: 25 | C33: Central Brent | D33: - | E33: - | F33: - | G33: 13.46 | H33: - | I33: -
B34: 26 | C34: Cent Eastern | D34: - | E34: - | F34: - | G34: 14.82 | H34: - | I34: -
B35: 27 | C35: Oil Space | D35: - | E35: - | F35: - | G35: 14.84 | H35: - | I35: -
B36: 28 | C36: Coegan | D36: - | E36: - | F36: - | G36: 15.26 | H36: - | I36: -
B37: 29 | C37: Compass Oleum | D37: 13.57 | E37: - | F37: 16.3 | G37: - | H37: - | I37: -
B38: 30 | C38: Crown Petroleum | D38: 13.29 | E38: - | F38: 16.25 | G38: 18.55 | H38: - | I38: -
B39: 31 | C39: Desert oil | D39: 10.99 | E39: - | F39: 11.99 | G39: - | H39: - | I39: -
B40: 32 | C40: Dejon jones Ltd | D40: 13.92 | E40: - | F40: 16.5 | G40: - | H40: - | I40: -
B41: 33 | C41: Davis Petroleum | D41: 13.29 | E41: - | F41: 16.49 | G41: 15.21 | H41: - | I41: -
